PP_Record_Type|PP_Payment_Record_Number|PP_Brand_Code|PP_Report_ID|PP_Surrogate_Number|PP_Parent_Child_Indicator|PP_Affiliation_of_TA|PP_Primary_source_code|PP_Secondary_source_code|PP_Invoice_flag|PP_Commission_processing_flag|PP_Grouping_ID|PP_Third_party_fee_invoice_code|PP_Third_party_fee_amount_USD|PP_Category_ID
PP|190916000001|RF|||||||N|Y|||0|
PP|190916000002|RF|||||||N|Y|||0|
PP|190916000003|RF|||||||N|Y|||0|
PP|190916000004|RF|||||||N|Y|||0|
PP|190916000005|RF|||||||N|Y|||0|
PP|190916000006|RF|||||||N|Y|||0|
PP|190916000007|RF|||||||N|Y|||0|
PP|190916000008|RF|||||||N|Y|||0|
PP|190916000009|RF|||||||N|Y|||0|
PP|190916000010|RF|||||||N|Y|||0|
PP|190916000011|RF|||||||N|Y|||0|
PP|190916000012|RF|||||||N|Y|||0|
PP|190916000013|RF|||||||N|Y|||0|
PP|190916000014|RF|||||||N|Y|||0|
PP|190916000015|RF|||||||N|Y|||0|
PP|190916000016|RF|||||||N|Y|||0|
PP|190916000017|RF|||||||N|Y|||0|
PP|190916000018|RF|||||||N|Y|||0|
PP|190916000019|RF|||||||N|Y|||0|
PP|190916000020|RF|||||||N|Y|||0|
PP|190916000021|RF|||||||N|Y|||0|
PP|190916000022|RF|||||||N|Y|||0|
PP|190916000023|RF|||||||N|Y|||0|
PP|190916000024|RF|||||||N|Y|||0|
PP|190916000025|RF|||||||N|Y|||0|
PP|190916000026|RF|||||||N|Y|||0|
PP|190916000027|RF|||||||N|Y|||0|
PP|190916000028|RF|||||||N|Y|||0|
PP|190916000029|RF|||||||N|Y|||0|
PP|190916000030|RF|||||||N|Y|||0|
PP|190916000031|RF|||||||N|Y|||0|
PP|190916000032|RF|||||||N|Y|||0|
PP|190916000033|RF|||||||N|Y|||0|
PP|190916000034|RF|||||||N|Y|||0|
PP|190916000035|RF|||||||N|Y|||0|
PP|190916000036|RF|||||||N|Y|||0|
PP|190916000037|RF|||||||N|Y|||0|
PP|190916000038|RF|||||||N|Y|||0|
PP|190916000039|RF|||||||N|Y|||0|
PP|190916000040|RF|||||||N|Y|||0|
PP|190916000041|RF|||||||N|Y|||0|
PP|190916000042|RF|||||||N|Y|||0|
PP|190916000043|RF|||||||N|Y|||0|
PP|190916000044|RF|||||||N|Y|||0|
PP|190916000045|RF|||||||N|Y|||0|
PP|190916000046|RF|||||||N|Y|||0|
PP|190916000047|RF|||||||N|Y|||0|
PP|190916000048|RF|||||||N|Y|||0|
PP|190916000049|RF|||||||N|Y|||0|
PP|190916000050|RF|||||||N|Y|||0|
PP|190916000051|RF|||||||N|Y|||0|
PP|190916000052|RF|||||||N|Y|||0|
PP|190916000053|RF|||||||N|Y|||0|
PP|190916000054|RF|||||||N|Y|||0|
PP|190916000055|RF|||||||N|Y|||0|
PP|190916000056|RF|||||||N|Y|||0|
PP|190916000057|RF|||||||N|Y|||0|
PP|190916000058|RF|||||||N|Y|||0|
PP|190916000059|RF|||||||N|Y|||0|
PP|190916000060|RF|||||||N|Y|||0|
PP|190916000061|RF|||||||N|Y|||0|
PP|190916000062|RF|||||||N|Y|||0|
PP|190916000063|RF|||||||N|Y|||0|
PP|190916000064|RF|||||||N|Y|||0|
PP|190916000065|RF|||||||N|Y|||0|
PP|190916000066|RF|||||||N|Y|||0|
PP|190916000067|RF|||||||N|Y|||0|
PP|190916000068|RF|||||||N|Y|||0|
PP|190916000069|RF|||||||N|Y|||0|
PP|190916000070|RF|||||||N|Y|||0|
PP|190916000071|RF|||||||N|Y|||0|
PP|190916000072|RF|||||||N|Y|||0|
PP|190916000073|RF|||||||N|Y|||0|
PP|190916000074|RF|||||||N|Y|||0|
PP|190916000075|RF|||||||N|Y|||0|
PP|190916000076|RF|||||||N|Y|||0|
PP|190916000077|RF|||||||N|Y|||0|
PP|190916000078|RF|||||||N|Y|||0|
PP|190916000079|RF|||||||N|Y|||0|
PP|190916000080|RF|||||||N|Y|||0|
PP|190916000081|RF|||||||N|Y|||0|
PP|190916000082|RF|||||||N|Y|||0|
PP|190916000083|RF|||||||N|Y|||0|
PP|190916000084|RF|||||||N|Y|||0|
PP|190916000085|RF|||||||N|Y|||0|
PP|190916000086|RF|||||||N|Y|||0|
PP|190916000087|RF|||||||N|Y|||0|
PP|190916000088|RF|||||||N|Y|||0|
PP|190916000089|RF|||||||N|Y|||0|
PP|190916000090|RF|||||||N|Y|||0|
PP|190916000091|RF|||||||N|Y|||0|
PP|190916000092|RF|||||||N|Y|||0|
PP|190916000093|RF|||||||N|Y|||0|
PP|190916000094|RF|||||||N|Y|||0|
PP|190916000095|RF|||||||N|Y|||0|
PP|190916000096|RF|||||||N|Y|||0|
PP|190916000097|RF|||||||N|Y|||0|
PP|190916000098|RF|||||||N|Y|||0|
PP|190916000099|RF|||||||N|Y|||0|
PP|190916000100|RF|||||||N|Y|||0|
PP|190916000101|RF|||||||N|Y|||0|
PP|190916000102|RF|||||||N|Y|||0|
PP|190916000103|RF|||||||N|Y|||0|
PP|190916000104|RF|||||||N|Y|||0|
PP|190916000105|RF|||||||N|Y|||0|
PP|190916000106|RF|||||||N|Y|||0|
PP|190916000107|RF|||||||N|Y|||0|
PP|190916000108|RF|||||||N|Y|||0|
PP|190916000109|RF|||||||N|Y|||0|
PP|190916000110|RF|||||||N|Y|||0|
PP|190916000111|RF|||||||N|Y|||0|
PP|190916000112|RF|||||||N|Y|||0|
PP|190916000113|RF|||||||N|Y|||0|
PP|190916000114|RF|||||||N|Y|||0|
PP|190916000115|RF|||||||N|Y|||0|
PP|190916000116|RF|||||||N|Y|||0|
PP|190916000117|RF|||||||N|Y|||0|
PP|190916000118|RF|||||||N|Y|||0|
PP|190916000119|RF|||||||N|Y|||0|
PP|190916000120|RF|||||||N|Y|||0|
PP|190916000121|RF|||||||N|Y|||0|
PP|190916000122|RF|||||||N|Y|||0|
PP|190916000123|RF|||||||N|Y|||0|
PP|190916000124|RF|||||||N|Y|||0|
PP|190916000125|RF|||||||N|Y|||0|
PP|190916000126|RF|||||||N|Y|||0|
PP|190916000127|RF|||||||N|Y|||0|
PP|190916000128|RF|||||||N|Y|||0|
PP|190916000129|RF|||||||N|Y|||0|
PP|190916000130|RF|||||||N|Y|||0|
PP|190916000131|RF|||||||N|Y|||0|
PP|190916000132|RF|||||||N|Y|||0|
PP|190916000133|RF|||||||N|Y|||0|
PP|190916000134|RF|||||||N|Y|||0|
PP|190916000135|RF|||||||N|Y|||0|
PP|190916000136|RF|||||||N|Y|||0|
PP|190916000137|RF|||||||N|Y|||0|
PP|190916000138|RF|||||||N|Y|||0|
PP|190916000139|RF|||||||N|Y|||0|
PP|190916000140|RF|||||||N|Y|||0|
PP|190916000141|RF|||||||N|Y|||0|
PP|190916000142|RF|||||||N|Y|||0|
PP|190916000143|RF|||||||N|Y|||0|
PP|190916000144|RF|||||||N|Y|||0|
PP|190916000145|RF|||||||N|Y|||0|
PP|190916000146|RF|||||||N|Y|||0|
PP|190916000147|RF|||||||N|Y|||0|
PP|190916000148|RF|||||||N|Y|||0|
PP|190916000149|RF|||||||N|Y|||0|
PP|190916000150|RF|||||||N|Y|||0|
PP|190916000151|RF|||||||N|Y|||0|
PP|190916000152|RF|||||||N|Y|||0|
PP|190916000153|RF|||||||N|Y|||0|
PP|190916000154|RF|||||||N|Y|||0|
PP|190916000155|RF|||||||N|Y|||0|
PP|190916000156|RF|||||||N|Y|||0|
PP|190916000157|RF|||||||N|Y|||0|
PP|190916000158|RF|||||||N|Y|||0|
PP|190916000159|RF|||||||N|Y|||0|
PP|190916000160|RF|||||||N|Y|||0|
PP|190916000161|RF|||||||N|Y|||0|
PP|190916000162|RF|||||||N|Y|||0|
PP|190916000163|RF|||||||N|Y|||0|
PP|190916000164|RF|||||||N|Y|||0|
PP|190916000165|RF|||||||N|Y|||0|
PP|190916000166|RF|||||||N|Y|||0|
PP|190916000167|RF|||||||N|Y|||0|
PP|190916000168|RF|||||||N|Y|||0|
PP|190916000169|RF|||||||N|Y|||0|
PP|190916000170|RF|||||||N|Y|||0|
PP|190916000171|RF|||||||N|Y|||0|
PP|190916000172|RF|||||||N|Y|||0|
PP|190916000173|RF|||||||N|Y|||0|
PP|190916000174|RF|||||||N|Y|||0|
PP|190916000175|RF|||||||N|Y|||0|
PP|190916000176|RF|||||||N|Y|||0|
PP|190916000177|RF|||||||N|Y|||0|
PP|190916000178|RF|||||||N|Y|||0|
PP|190916000179|RF|||||||N|Y|||0|
PP|190916000180|RF|||||||N|Y|||0|
PP|190916000181|RF|||||||N|Y|||0|
PP|190916000182|RF|||||||N|Y|||0|
PP|190916000183|RF|||||||N|Y|||0|
PP|190916000184|RF|||||||N|Y|||0|
PP|190916000185|RF|||||||N|Y|||0|
PP|190916000186|RF|||||||N|Y|||0|
PP|190916000187|RF|||||||N|Y|||0|
PP|190916000188|RF|||||||N|Y|||0|
PP|190916000189|RF|||||||N|Y|||0|
PP|190916000190|RF|||||||N|Y|||0|
PP|190916000191|RF|||||||N|Y|||0|
PP|190916000192|RF|||||||N|Y|||0|
PP|190916000193|RF|||||||N|Y|||0|
PP|190916000194|RF|||||||N|Y|||0|
PP|190916000195|RF|||||||N|Y|||0|
PP|190916000196|RF|||||||N|Y|||0|
PP|190916000197|RF|||||||N|Y|||0|
PP|190916000198|RF|||||||N|Y|||0|
PP|190916000199|RF|||||||N|Y|||0|
PP|190916000200|RF|||||||N|Y|||0|
PP|190916000201|RF|||||||N|Y|||0|
PP|190916000202|RF|||||||N|Y|||0|
PP|190916000203|RF|||||||N|Y|||0|
PP|190916000204|RF|||||||N|Y|||0|
PP|190916000205|RF|||||||N|Y|||0|
PP|190916000206|RF|||||||N|Y|||0|
PP|190916000207|RF|||||||N|Y|||0|
PP|190916000208|RF|||||||N|Y|||0|
PP|190916000209|RF|||||||N|Y|||0|
PP|190916000210|RF|||||||N|Y|||0|
PP|190916000211|RF|||||||N|Y|||0|
PP|190916000212|RF|||||||N|Y|||0|
PP|190916000213|RF|||||||N|Y|||0|
PP|190916000214|RF|||||||N|Y|||0|
PP|190916000215|RF|||||||N|Y|||0|
PP|190916000216|RF|||||||N|Y|||0|
PP|190916000217|RF|||||||N|Y|||0|
PP|190916000218|RF|||||||N|Y|||0|
PP|190916000219|RF|||||||N|Y|||0|
PP|190916000220|RF|||||||N|Y|||0|
PP|190916000221|RF|||||||N|Y|||0|
PP|190916000222|RF|||||||N|Y|||0|
PP|190916000223|RF|||||||N|Y|||0|
PP|190916000224|RF|||||||N|Y|||0|
PP|190916000225|RF|||||||N|Y|||0|
PP|190916000226|RF|||||||N|Y|||0|
PP|190916000227|RF|||||||N|Y|||0|
PP|190916000228|RF|||||||N|Y|||0|
PP|190916000229|RF|||||||N|Y|||0|
PP|190916000230|RF|||||||N|Y|||0|
PP|190916000231|RF|||||||N|Y|||0|
PP|190916000232|RF|||||||N|Y|||0|
PP|190916000233|RF|||||||N|Y|||0|
PP|190916000234|RF|||||||N|Y|||0|
PP|190916000235|RF|||||||N|Y|||0|
PP|190916000236|RF|||||||N|Y|||0|
PP|190916000237|RF|||||||N|Y|||0|
PP|190916000238|RF|||||||N|Y|||0|
PP|190916000239|RF|||||||N|Y|||0|
PP|190916000240|RF|||||||N|Y|||0|
PP|190916000241|RF|||||||N|Y|||0|
PP|190916000242|RF|||||||N|Y|||0|
PP|190916000243|RF|||||||N|Y|||0|
PP|190916000244|RF|||||||N|Y|||0|
PP|190916000245|RF|||||||N|Y|||0|
PP|190916000246|RF|||||||N|Y|||0|
PP|190916000247|RF|||||||N|Y|||0|
PP|190916000248|RF|||||||N|Y|||0|
PP|190916000249|RF|||||||N|Y|||0|
PP|190916000250|RF|||||||N|Y|||0|
PP|190916000251|RF|||||||N|Y|||0|
PP|190916000252|RF|||||||N|Y|||0|
PP|190916000253|RF|||||||N|Y|||0|
PP|190916000254|RF|||||||N|Y|||0|
PP|190916000255|RF|||||||N|Y|||0|
PP|190916000256|RF|||||||N|Y|||0|
PP|190916000257|RF|||||||N|Y|||0|
PP|190916000258|RF|||||||N|Y|||0|
PP|190916000259|RF|||||||N|Y|||0|
PP|190916000260|RF|||||||N|Y|||0|
PP|190916000261|RF|||||||N|Y|||0|
PP|190916000262|RF|||||||N|Y|||0|
PP|190916000263|RF|||||||N|Y|||0|
PP|190916000264|RF|||||||N|Y|||0|
PP|190916000265|RF|||||||N|Y|||0|
PP|190916000266|RF|||||||N|Y|||0|
PP|190916000267|RF|||||||N|Y|||0|
PP|190916000268|RF|||||||N|Y|||0|
PP|190916000269|RF|||||||N|Y|||0|
PP|190916000270|RF|||||||N|Y|||0|
PP|190916000271|RF|||||||N|Y|||0|
PP|190916000272|RF|||||||N|Y|||0|
PP|190916000273|RF|||||||N|Y|||0|
PP|190916000274|RF|||||||N|Y|||0|
PP|190916000275|RF|||||||N|Y|||0|
PP|190916000276|RF|||||||N|Y|||0|
PP|190916000277|RF|||||||N|Y|||0|
PP|190916000278|RF|||||||N|Y|||0|
PP|190916000279|RF|||||||N|Y|||0|
PP|190916000280|RF|||||||N|Y|||0|
PP|190916000281|RF|||||||N|Y|||0|
PP|190916000282|RF|||||||N|Y|||0|
PP|190916000283|RF|||||||N|Y|||0|
PP|190916000284|RF|||||||N|Y|||0|
PP|190916000285|RF|||||||N|Y|||0|
PP|190916000286|RF|||||||N|Y|||0|
PP|190916000287|RF|||||||N|Y|||0|
PP|190916000288|RF|||||||N|Y|||0|
PP|190916000289|RF|||||||N|Y|||0|
PP|190916000290|RF|||||||N|Y|||0|
PP|190916000291|RF|||||||N|Y|||0|
PP|190916000292|RF|||||||N|Y|||0|
PP|190916000293|RF|||||||N|Y|||0|
PP|190916000294|RF|||||||N|Y|||0|
PP|190916000295|RF|||||||N|Y|||0|
PP|190916000296|RF|||||||N|Y|||0|
PP|190916000297|RF|||||||N|Y|||0|
PP|190916000298|RF|||||||N|Y|||0|
PP|190916000299|RF|||||||N|Y|||0|
PP|190916000300|RF|||||||N|Y|||0|
PP|190916000301|RF|||||||N|Y|||0|
PP|190916000302|RF|||||||N|Y|||0|
PP|190916000303|RF|||||||N|Y|||0|
PP|190916000304|RF|||||||N|Y|||0|
PP|190916000305|RF|||||||N|Y|||0|
PP|190916000306|RF|||||||N|Y|||0|
PP|190916000307|RF|||||||N|Y|||0|
PP|190916000308|RF|||||||N|Y|||0|
PP|190916000309|RF|||||||N|Y|||0|
PP|190916000310|RF|||||||N|Y|||0|
PP|190916000311|RF|||||||N|Y|||0|
PP|190916000312|RF|||||||N|Y|||0|
PP|190916000313|RF|||||||N|Y|||0|
PP|190916000314|RF|||||||N|Y|||0|
PP|190916000315|RF|||||||N|Y|||0|
PP|190916000316|RF|||||||N|Y|||0|
PP|190916000317|RF|||||||N|Y|||0|
PP|190916000318|RF|||||||N|Y|||0|
PP|190916000319|RF|||||||N|Y|||0|
PP|190916000320|RF|||||||N|Y|||0|
PP|190916000321|RF|||||||N|Y|||0|
PP|190916000322|RF|||||||N|Y|||0|
PP|190916000323|RF|||||||N|Y|||0|
PP|190916000324|RF|||||||N|Y|||0|
PP|190916000325|RF|||||||N|Y|||0|
PP|190916000326|RF|||||||N|Y|||0|
PP|190916000327|RF|||||||N|Y|||0|
PP|190916000328|RF|||||||N|Y|||0|
PP|190916000329|RF|||||||N|Y|||0|
PP|190916000330|RF|||||||N|Y|||0|
PP|190916000331|RF|||||||N|Y|||0|
PP|190916000332|RF|||||||N|Y|||0|
PP|190916000333|RF|||||||N|Y|||0|
PP|190916000334|RF|||||||N|Y|||0|
PP|190916000335|RF|||||||N|Y|||0|
PP|190916000336|RF|||||||N|Y|||0|
PP|190916000337|RF|||||||N|Y|||0|
PP|190916000338|RF|||||||N|Y|||0|
PP|190916000339|RF|||||||N|Y|||0|
PP|190916000340|RF|||||||N|Y|||0|
PP|190916000341|RF|||||||N|Y|||0|
PP|190916000342|RF|||||||N|Y|||0|
PP|190916000343|RF|||||||N|Y|||0|
PP|190916000344|RF|||||||N|Y|||0|
PP|190916000345|RF|||||||N|Y|||0|
PP|190916000346|RF|||||||N|Y|||0|
PP|190916000347|RF|||||||N|Y|||0|
PP|190916000348|RF|||||||N|Y|||0|
PP|190916000349|RF|||||||N|Y|||0|
PP|190916000350|RF|||||||N|Y|||0|
PP|190916000351|RF|||||||N|Y|||0|
PP|190916000352|RF|||||||N|Y|||0|
PP|190916000353|RF|||||||N|Y|||0|
PP|190916000354|RF|||||||N|Y|||0|
PP|190916000355|RF|||||||N|Y|||0|
PP|190916000356|RF|||||||N|Y|||0|
PP|190916000357|RF|||||||N|Y|||0|
PP|190916000358|RF|||||||N|Y|||0|
PP|190916000359|RF|||||||N|Y|||0|
PP|190916000360|RF|||||||N|Y|||0|
PP|190916000361|RF|||||||N|Y|||0|
PP|190916000362|RF|||||||N|Y|||0|
PP|190916000363|RF|||||||N|Y|||0|
PP|190916000364|RF|||||||N|Y|||0|
PP|190916000365|RF|||||||N|Y|||0|
PP|190916000366|RF|||||||N|Y|||0|
PP|190916000367|RF|||||||N|Y|||0|
PP|190916000368|RF|||||||N|Y|||0|
PP|190916000369|RF|||||||N|Y|||0|
PP|190916000370|RF|||||||N|Y|||0|
PP|190916000371|RF|||||||N|Y|||0|
PP|190916000372|RF|||||||N|Y|||0|
PP|190916000373|RF|||||||N|Y|||0|
PP|190916000374|RF|||||||N|Y|||0|
PP|190916000375|RF|||||||N|Y|||0|
PP|190916000376|RF|||||||N|Y|||0|
PP|190916000377|RF|||||||N|Y|||0|
PP|190916000378|RF|||||||N|Y|||0|
PP|190916000379|RF|||||||N|Y|||0|
PP|190916000380|RF|||||||N|Y|||0|
PP|190916000381|RF|||||||N|Y|||0|
PP|190916000382|RF|||||||N|Y|||0|
PP|190916000383|RF|||||||N|Y|||0|
PP|190916000384|RF|||||||N|Y|||0|
PP|190916000385|RF|||||||N|Y|||0|
PP|190916000386|RF|||||||N|Y|||0|
PP|190916000387|RF|||||||N|Y|||0|
PP|190916000388|RF|||||||N|Y|||0|
PP|190916000389|RF|||||||N|Y|||0|
PP|190916000390|RF|||||||N|Y|||0|
PP|190916000391|RF|||||||N|Y|||0|
PP|190916000392|RF|||||||N|Y|||0|
PP|190916000393|RF|||||||N|Y|||0|
PP|190916000394|RF|||||||N|Y|||0|
PP|190916000395|RF|||||||N|Y|||0|
PP|190916000396|RF|||||||N|Y|||0|
PP|190916000397|RF|||||||N|Y|||0|
PP|190916000398|RF|||||||N|Y|||0|
PP|190916000399|RF|||||||N|Y|||0|
PP|190916000400|RF|||||||N|Y|||0|
PP|190916000401|RF|||||||N|Y|||0|
PP|190916000402|RF|||||||N|Y|||0|
PP|190916000403|RF|||||||N|Y|||0|
PP|190916000404|RF|||||||N|Y|||0|
PP|190916000405|RF|||||||N|Y|||0|
PP|190916000406|RF|||||||N|Y|||0|
PP|190916000407|RF|||||||N|Y|||0|
PP|190916000408|RF|||||||N|Y|||0|
PP|190916000409|RF|||||||N|Y|||0|
PP|190916000410|RF|||||||N|Y|||0|
PP|190916000411|RF|||||||N|Y|||0|
PP|190916000412|RF|||||||N|Y|||0|
PP|190916000413|RF|||||||N|Y|||0|
PP|190916000414|RF|||||||N|Y|||0|
PP|190916000415|RF|||||||N|Y|||0|
PP|190916000416|RF|||||||N|Y|||0|
PP|190916000417|RF|||||||N|Y|||0|
PP|190916000418|RF|||||||N|Y|||0|
PP|190916000419|RF|||||||N|Y|||0|
PP|190916000420|RF|||||||N|Y|||0|
PP|190916000421|RF|||||||N|Y|||0|
PP|190916000422|RF|||||||N|Y|||0|
PP|190916000423|RF|||||||N|Y|||0|
PP|190916000424|RF|||||||N|Y|||0|
PP|190916000425|RF|||||||N|Y|||0|
PP|190916000426|RF|||||||N|Y|||0|
PP|190916000427|RF|||||||N|Y|||0|
PP|190916000428|RF|||||||N|Y|||0|
PP|190916000429|RF|||||||N|Y|||0|
PP|190916000430|RF|||||||N|Y|||0|
PP|190916000431|RF|||||||N|Y|||0|
PP|190916000432|RF|||||||N|Y|||0|
PP|190916000433|RF|||||||N|Y|||0|
PP|190916000434|RF|||||||N|Y|||0|
PP|190916000435|RF|||||||N|Y|||0|
PP|190916000436|RF|||||||N|Y|||0|
PP|190916000437|RF|||||||N|Y|||0|
PP|190916000438|RF|||||||N|Y|||0|
PP|190916000439|RF|||||||N|Y|||0|
PP|190916000440|RF|||||||N|Y|||0|
PP|190916000441|RF|||||||N|Y|||0|
PP|190916000442|RF|||||||N|Y|||0|
PP|190916000443|RF|||||||N|Y|||0|
PP|190916000444|RF|||||||N|Y|||0|
PP|190916000445|RF|||||||N|Y|||0|
PP|190916000446|RF|||||||N|Y|||0|
PP|190916000447|RF|||||||N|Y|||0|
PP|190916000448|RF|||||||N|Y|||0|
PP|190916000449|RF|||||||N|Y|||0|
PP|190916000450|RF|||||||N|Y|||0|
PP|190916000451|RF|||||||N|Y|||0|
PP|190916000452|RF|||||||N|Y|||0|
PP|190916000453|RF|||||||N|Y|||0|
PP|190916000454|RF|||||||N|Y|||0|
PP|190916000455|RF|||||||N|Y|||0|
PP|190916000456|RF|||||||N|Y|||0|
PP|190916000457|RF|||||||N|Y|||0|
PP|190916000458|RF|||||||N|Y|||0|
PP|190916000459|RF|||||||N|Y|||0|
PP|190916000460|RF|||||||N|Y|||0|
PP|190916000461|RF|||||||N|Y|||0|
PP|190916000462|RF|||||||N|Y|||0|
PP|190916000463|RF|||||||N|Y|||0|
PP|190916000464|RF|||||||N|Y|||0|
PP|190916000465|RF|||||||N|Y|||0|
PP|190916000466|RF|||||||N|Y|||0|
PP|190916000467|RF|||||||N|Y|||0|
PP|190916000468|RF|||||||N|Y|||0|
PP|190916000469|RF|||||||N|Y|||0|
PP|190916000470|RF|||||||N|Y|||0|
PP|190916000471|RF|||||||N|Y|||0|
PP|190916000472|RF|||||||N|Y|||0|
PP|190916000473|RF|||||||N|Y|||0|
PP|190916000474|RF|||||||N|Y|||0|
PP|190916000475|RF|||||||N|Y|||0|
PP|190916000476|RF|||||||N|Y|||0|
PP|190916000477|RF|||||||N|Y|||0|
PP|190916000478|RF|||||||N|Y|||0|
PP|190916000479|RF|||||||N|Y|||0|
PP|190916000480|RF|||||||N|Y|||0|
PP|190916000481|RF|||||||N|Y|||0|
PP|190916000482|RF|||||||N|Y|||0|
PP|190916000483|RF|||||||N|Y|||0|
PP|190916000484|RF|||||||N|Y|||0|
PP|190916000485|RF|||||||N|Y|||0|
PP|190916000486|RF|||||||N|Y|||0|
PP|190916000487|RF|||||||N|Y|||0|
PP|190916000488|RF|||||||N|Y|||0|
PP|190916000489|RF|||||||N|Y|||0|
PP|190916000490|RF|||||||N|Y|||0|
PP|190916000491|RF|||||||N|Y|||0|
PP|190916000492|RF|||||||N|Y|||0|
PP|190916000493|RF|||||||N|Y|||0|
PP|190916000494|RF|||||||N|Y|||0|
PP|190916000495|RF|||||||N|Y|||0|
PP|190916000496|RF|||||||N|Y|||0|
PP|190916000497|RF|||||||N|Y|||0|
PP|190916000498|RF|||||||N|Y|||0|
PP|190916000499|RF|||||||N|Y|||0|
PP|190916000500|RF|||||||N|Y|||0|
PP|190916000501|RF|||||||N|Y|||0|
PP|190916000502|RF|||||||N|Y|||0|
PP|190916000503|RF|||||||N|Y|||0|
PP|190916000504|RF|||||||N|Y|||0|
PP|190916000505|RF|||||||N|Y|||0|
PP|190916000506|RF|||||||N|Y|||0|
PP|190916000507|RF|||||||N|Y|||0|
PP|190916000508|RF|||||||N|Y|||0|
PP|190916000509|RF|||||||N|Y|||0|
PP|190916000510|RF|||||||N|Y|||0|
PP|190916000511|RF|||||||N|Y|||0|
PP|190916000512|RF|||||||N|Y|||0|
PP|190916000513|RF|||||||N|Y|||0|
PP|190916000514|RF|||||||N|Y|||0|
PP|190916000515|RF|||||||N|Y|||0|
PP|190916000516|RF|||||||N|Y|||0|
PP|190916000517|RF|||||||N|Y|||0|
PP|190916000518|RF|||||||N|Y|||0|
PP|190916000519|RF|||||||N|Y|||0|
PP|190916000520|RF|||||||N|Y|||0|
PP|190916000521|RF|||||||N|Y|||0|
PP|190916000522|RF|||||||N|Y|||0|
PP|190916000523|RF|||||||N|Y|||0|
PP|190916000524|RF|||||||N|Y|||0|
PP|190916000525|RF|||||||N|Y|||0|
PP|190916000526|RF|||||||N|Y|||0|
PP|190916000527|RF|||||||N|Y|||0|
PP|190916000528|RF|||||||N|Y|||0|
PP|190916000529|RF|||||||N|Y|||0|
PP|190916000530|RF|||||||N|Y|||0|
PP|190916000531|RF|||||||N|Y|||0|
PP|190916000532|RF|||||||N|Y|||0|
PP|190916000533|RF|||||||N|Y|||0|
PP|190916000534|RF|||||||N|Y|||0|
PP|190916000535|RF|||||||N|Y|||0|
PP|190916000536|RF|||||||N|Y|||0|
PP|190916000537|RF|||||||N|Y|||0|
PP|190916000538|RF|||||||N|Y|||0|
PP|190916000539|RF|||||||N|Y|||0|
PP|190916000540|RF|||||||N|Y|||0|
PP|190916000541|RF|||||||N|Y|||0|
PP|190916000542|RF|||||||N|Y|||0|
PP|190916000543|RF|||||||N|Y|||0|
PP|190916000544|RF|||||||N|Y|||0|
PP|190916000545|RF|||||||N|Y|||0|
PP|190916000546|RF|||||||N|Y|||0|
PP|190916000547|RF|||||||N|Y|||0|
PP|190916000548|RF|||||||N|Y|||0|
PP|190916000549|RF|||||||N|Y|||0|
PP|190916000550|RF|||||||N|Y|||0|
PP|190916000551|RF|||||||N|Y|||0|
PP|190916000552|RF|||||||N|Y|||0|
PP|190916000553|RF|||||||N|Y|||0|
PP|190916000554|RF|||||||N|Y|||0|
PP|190916000555|RF|||||||N|Y|||0|
PP|190916000556|RF|||||||N|Y|||0|
PP|190916000557|RF|||||||N|Y|||0|
PP|190916000558|RF|||||||N|Y|||0|
PP|190916000559|RF|||||||N|Y|||0|
PP|190916000560|RF|||||||N|Y|||0|
PP|190916000561|RF|||||||N|Y|||0|
PP|190916000562|RF|||||||N|Y|||0|
PP|190916000563|RF|||||||N|Y|||0|
PP|190916000564|RF|||||||N|Y|||0|
PP|190916000565|RF|||||||N|Y|||0|
PP|190916000566|RF|||||||N|Y|||0|
PP|190916000567|RF|||||||N|Y|||0|
PP|190916000568|RF|||||||N|Y|||0|
PP|190916000569|RF|||||||N|Y|||0|
PP|190916000570|RF|||||||N|Y|||0|
PP|190916000571|RF|||||||N|Y|||0|
PP|190916000572|RF|||||||N|Y|||0|
PP|190916000573|RF|||||||N|Y|||0|
PP|190916000574|RF|||||||N|Y|||0|
PP|190916000575|RF|||||||N|Y|||0|
PP|190916000576|RF|||||||N|Y|||0|
PP|190916000577|RF|||||||N|Y|||0|
PP|190916000578|RF|||||||N|Y|||0|
PP|190916000579|RF|||||||N|Y|||0|
PP|190916000580|RF|||||||N|Y|||0|
PP|190916000581|RF|||||||N|Y|||0|
PP|190916000582|RF|||||||N|Y|||0|
PP|190916000583|RF|||||||N|Y|||0|
PP|190916000584|RF|||||||N|Y|||0|
PP|190916000585|RF|||||||N|Y|||0|
PP|190916000586|RF|||||||N|Y|||0|
PP|190916000587|RF|||||||N|Y|||0|
PP|190916000588|RF|||||||N|Y|||0|
PP|190916000589|RF|||||||N|Y|||0|
PP|190916000590|RF|||||||N|Y|||0|
PP|190916000591|RF|||||||N|Y|||0|
PP|190916000592|RF|||||||N|Y|||0|
PP|190916000593|RF|||||||N|Y|||0|
PP|190916000594|RF|||||||N|Y|||0|
PP|190916000595|RF|||||||N|Y|||0|
PP|190916000596|RF|||||||N|Y|||0|
PP|190916000597|RF|||||||N|Y|||0|
PP|190916000598|RF|||||||N|Y|||0|
PP|190916000599|RF|||||||N|Y|||0|
PP|190916000600|RF|||||||N|Y|||0|
PP|190916000601|RF|||||||N|Y|||0|
PP|190916000602|RF|||||||N|Y|||0|
PP|190916000603|RF|||||||N|Y|||0|
PP|190916000604|RF|||||||N|Y|||0|
PP|190916000605|RF|||||||N|Y|||0|
PP|190916000606|RF|||||||N|Y|||0|
PP|190916000607|RF|||||||N|Y|||0|
PP|190916000608|RF|||||||N|Y|||0|
PP|190916000609|RF|||||||N|Y|||0|
PP|190916000610|RF|||||||N|Y|||0|
PP|190916000611|RF|||||||N|Y|||0|
PP|190916000612|RF|||||||N|Y|||0|
PP|190916000613|RF|||||||N|Y|||0|
PP|190916000614|RF|||||||N|Y|||0|
PP|190916000615|RF|||||||N|Y|||0|
PP|190916000616|RF|||||||N|Y|||0|
PP|190916000617|RF|||||||N|Y|||0|
PP|190916000618|RF|||||||N|Y|||0|
PP|190916000619|RF|||||||N|Y|||0|
PP|190916000620|RF|||||||N|Y|||0|
PP|190916000621|RF|||||||N|Y|||0|
PP|190916000622|RF|||||||N|Y|||0|
PP|190916000623|RF|||||||N|Y|||0|
PP|190916000624|RF|||||||N|Y|||0|
PP|190916000625|RF|||||||N|Y|||0|
PP|190916000626|RF|||||||N|Y|||0|
PP|190916000627|RF|||||||N|Y|||0|
PP|190916000628|RF|||||||N|Y|||0|
PP|190916000629|RF|||||||N|Y|||0|
PP|190916000630|RF|||||||N|Y|||0|
PP|190916000631|RF|||||||N|Y|||0|
PP|190916000632|RF|||||||N|Y|||0|
PP|190916000633|RF|||||||N|Y|||0|
PP|190916000634|RF|||||||N|Y|||0|
PP|190916000635|RF|||||||N|Y|||0|
PP|190916000636|RF|||||||N|Y|||0|
PP|190916000637|RF|||||||N|Y|||0|
PP|190916000638|RF|||||||N|Y|||0|
PP|190916000639|RF|||||||N|Y|||0|
PP|190916000640|RF|||||||N|Y|||0|
PP|190916000641|RF|||||||N|Y|||0|
PP|190916000642|RF|||||||N|Y|||0|
PP|190916000643|RF|||||||N|Y|||0|
PP|190916000644|RF|||||||N|Y|||0|
PP|190916000645|RF|||||||N|Y|||0|
PP|190916000646|RF|||||||N|Y|||0|
PP|190916000647|RF|||||||N|Y|||0|
PP|190916000648|RF|||||||N|Y|||0|
PP|190916000649|RF|||||||N|Y|||0|
PP|190916000650|RF|||||||N|Y|||0|
PP|190916000651|RF|||||||N|Y|||0|
PP|190916000652|RF|||||||N|Y|||0|
PP|190916000653|RF|||||||N|Y|||0|
PP|190916000654|RF|||||||N|Y|||0|
PP|190916000655|RF|||||||N|Y|||0|
PP|190916000656|RF|||||||N|Y|||0|
PP|190916000657|RF|||||||N|Y|||0|
PP|190916000658|RF|||||||N|Y|||0|
PP|190916000659|RF|||||||N|Y|||0|
PP|190916000660|RF|||||||N|Y|||0|
PP|190916000661|RF|||||||N|Y|||0|
PP|190916000662|RF|||||||N|Y|||0|
PP|190916000663|RF|||||||N|Y|||0|
PP|190916000664|RF|||||||N|Y|||0|
PP|190916000665|RF|||||||N|Y|||0|
PP|190916000666|RF|||||||N|Y|||0|
PP|190916000667|RF|||||||N|Y|||0|
PP|190916000668|RF|||||||N|Y|||0|
PP|190916000669|RF|||||||N|Y|||0|
PP|190916000670|RF|||||||N|Y|||0|
PP|190916000671|RF|||||||N|Y|||0|
PP|190916000672|RF|||||||N|Y|||0|
PP|190916000673|RF|||||||N|Y|||0|
PP|190916000674|RF|||||||N|Y|||0|
PP|190916000675|RF|||||||N|Y|||0|
PP|190916000676|RF|||||||N|Y|||0|
PP|190916000677|RF|||||||N|Y|||0|
PP|190916000678|RF|||||||N|Y|||0|
PP|190916000679|RF|||||||N|Y|||0|
PP|190916000680|RF|||||||N|Y|||0|
PP|190916000681|RF|||||||N|Y|||0|
PP|190916000682|RF|||||||N|Y|||0|
PP|190916000683|RF|||||||N|Y|||0|
PP|190916000684|RF|||||||N|Y|||0|
PP|190916000685|RF|||||||N|Y|||0|
PP|190916000686|RF|||||||N|Y|||0|
PP|190916000687|RF|||||||N|Y|||0|
PP|190916000688|RF|||||||N|Y|||0|
PP|190916000689|RF|||||||N|Y|||0|
PP|190916000690|RF|||||||N|Y|||0|
PP|190916000691|RF|||||||N|Y|||0|
PP|190916000692|RF|||||||N|Y|||0|
PP|190916000693|RF|||||||N|Y|||0|
PP|190916000694|RF|||||||N|Y|||0|
PP|190916000695|RF|||||||N|Y|||0|
PP|190916000696|RF|||||||N|Y|||0|
PP|190916000697|RF|||||||N|Y|||0|
PP|190916000698|RF|||||||N|Y|||0|
PP|190916000699|RF|||||||N|Y|||0|
PP|190916000700|RF|||||||N|Y|||0|
PP|190916000701|RF|||||||N|Y|||0|
PP|190916000702|RF|||||||N|Y|||0|
PP|190916000703|RF|||||||N|Y|||0|
PP|190916000704|RF|||||||N|Y|||0|
PP|190916000705|RF|||||||N|Y|||0|
PP|190916000706|RF|||||||N|Y|||0|
PP|190916000707|RF|||||||N|Y|||0|
PP|190916000708|RF|||||||N|Y|||0|
PP|190916000709|RF|||||||N|Y|||0|
PP|190916000710|RF|||||||N|Y|||0|
PP|190916000711|RF|||||||N|Y|||0|
PP|190916000712|RF|||||||N|Y|||0|
PP|190916000713|RF|||||||N|Y|||0|
PP|190916000714|RF|||||||N|Y|||0|
PP|190916000715|RF|||||||N|Y|||0|
PP|190916000716|RF|||||||N|Y|||0|
PP|190916000717|RF|||||||N|Y|||0|
PP|190916000718|RF|||||||N|Y|||0|
PP|190916000719|RF|||||||N|Y|||0|
PP|190916000720|RF|||||||N|Y|||0|
PP|190916000721|RF|||||||N|Y|||0|
PP|190916000722|RF|||||||N|Y|||0|
PP|190916000723|RF|||||||N|Y|||0|
PP|190916000724|RF|||||||N|Y|||0|
PP|190916000725|RF|||||||N|Y|||0|
PP|190916000726|RF|||||||N|Y|||0|
PP|190916000727|RF|||||||N|Y|||0|
PP|190916000728|RF|||||||N|Y|||0|
PP|190916000729|RF|||||||N|Y|||0|
PP|190916000730|RF|||||||N|Y|||0|
PP|190916000731|RF|||||||N|Y|||0|
PP|190916000732|RF|||||||N|Y|||0|
PP|190916000733|RF|||||||N|Y|||0|
PP|190916000734|RF|||||||N|Y|||0|
PP|190916000735|RF|||||||N|Y|||0|
PP|190916000736|RF|||||||N|Y|||0|
PP|190916000737|RF|||||||N|Y|||0|
PP|190916000738|RF|||||||N|Y|||0|
PP|190916000739|RF|||||||N|Y|||0|
PP|190916000740|RF|||||||N|Y|||0|
PP|190916000741|RF|||||||N|Y|||0|
PP|190916000742|RF|||||||N|Y|||0|
PP|190916000743|RF|||||||N|Y|||0|
PP|190916000744|RF|||||||N|Y|||0|
PP|190916000745|RF|||||||N|Y|||0|
PP|190916000746|RF|||||||N|Y|||0|
PP|190916000747|RF|||||||N|Y|||0|
PP|190916000748|RF|||||||N|Y|||0|
PP|190916000749|RF|||||||N|Y|||0|
PP|190916000750|RF|||||||N|Y|||0|
PP|190916000751|RF|||||||N|Y|||0|
PP|190916000752|RF|||||||N|Y|||0|
PP|190916000753|RF|||||||N|Y|||0|
PP|190916000754|RF|||||||N|Y|||0|
PP|190916000755|RF|||||||N|Y|||0|
PP|190916000756|RF|||||||N|Y|||0|
PP|190916000757|RF|||||||N|Y|||0|
PP|190916000758|RF|||||||N|Y|||0|
PP|190916000759|RF|||||||N|Y|||0|
PP|190916000760|RF|||||||N|Y|||0|
PP|190916000761|RF|||||||N|Y|||0|
PP|190916000762|RF|||||||N|Y|||0|
PP|190916000763|RF|||||||N|Y|||0|
PP|190916000764|RF|||||||N|Y|||0|
PP|190916000765|RF|||||||N|Y|||0|
PP|190916000766|RF|||||||N|Y|||0|
PP|190916000767|RF|||||||N|Y|||0|
PP|190916000768|RF|||||||N|Y|||0|
PP|190916000769|RF|||||||N|Y|||0|
PP|190916000770|RF|||||||N|Y|||0|
PP|190916000771|RF|||||||N|Y|||0|
PP|190916000772|RF|||||||N|Y|||0|
PP|190916000773|RF|||||||N|Y|||0|
PP|190916000774|RF|||||||N|Y|||0|
PP|190916000775|RF|||||||N|Y|||0|
PP|190916000776|RF|||||||N|Y|||0|
PP|190916000777|RF|||||||N|Y|||0|
PP|190916000778|RF|||||||N|Y|||0|
PP|190916000779|RF|||||||N|Y|||0|
PP|190916000780|RF|||||||N|Y|||0|
PP|190916000781|RF|||||||N|Y|||0|
PP|190916000782|RF|||||||N|Y|||0|
PP|190916000783|RF|||||||N|Y|||0|
PP|190916000784|RF|||||||N|Y|||0|
PP|190916000785|RF|||||||N|Y|||0|
PP|190916000786|RF|||||||N|Y|||0|
PP|190916000787|RF|||||||N|Y|||0|
PP|190916000788|RF|||||||N|Y|||0|
PP|190916000789|RF|||||||N|Y|||0|
PP|190916000790|RF|||||||N|Y|||0|
PP|190916000791|RF|||||||N|Y|||0|
PP|190916000792|RF|||||||N|Y|||0|
PP|190916000793|RF|||||||N|Y|||0|
PP|190916000794|RF|||||||N|Y|||0|
PP|190916000795|RF|||||||N|Y|||0|
PP|190916000796|RF|||||||N|Y|||0|
PP|190916000797|RF|||||||N|Y|||0|
PP|190916000798|RF|||||||N|Y|||0|
PP|190916000799|RF|||||||N|Y|||0|
PP|190916000800|RF|||||||N|Y|||0|
PP|190916000801|RF|||||||N|Y|||0|
PP|190916000802|RF|||||||N|Y|||0|
PP|190916000803|RF|||||||N|Y|||0|
PP|190916000804|RF|||||||N|Y|||0|
PP|190916000805|RF|||||||N|Y|||0|
PP|190916000806|RF|||||||N|Y|||0|
PP|190916000807|RF|||||||N|Y|||0|
PP|190916000808|RF|||||||N|Y|||0|
PP|190916000809|RF|||||||N|Y|||0|
PP|190916000810|RF|||||||N|Y|||0|
PP|190916000811|RF|||||||N|Y|||0|
PP|190916000812|RF|||||||N|Y|||0|
PP|190916000813|RF|||||||N|Y|||0|
PP|190916000814|RF|||||||N|Y|||0|
PP|190916000815|RF|||||||N|Y|||0|
PP|190916000816|RF|||||||N|Y|||0|
PP|190916000817|RF|||||||N|Y|||0|
PP|190916000818|RF|||||||N|Y|||0|
PP|190916000819|RF|||||||N|Y|||0|
PP|190916000820|RF|||||||N|Y|||0|
PP|190916000821|RF|||||||N|Y|||0|
PP|190916000822|RF|||||||N|Y|||0|
PP|190916000823|RF|||||||N|Y|||0|
PP|190916000824|RF|||||||N|Y|||0|
PP|190916000825|RF|||||||N|Y|||0|
PP|190916000826|RF|||||||N|Y|||0|
PP|190916000827|RF|||||||N|Y|||0|
PP|190916000828|RF|||||||N|Y|||0|
PP|190916000829|RF|||||||N|Y|||0|
PP|190916000830|RF|||||||N|Y|||0|
PP|190916000831|RF|||||||N|Y|||0|
PP|190916000832|RF|||||||N|Y|||0|
PP|190916000833|RF|||||||N|Y|||0|
PP|190916000834|RF|||||||N|Y|||0|
PP|190916000835|RF|||||||N|Y|||0|
PP|190916000836|RF|||||||N|Y|||0|
PP|190916000837|RF|||||||N|Y|||0|
PP|190916000838|RF|||||||N|Y|||0|
PP|190916000839|RF|||||||N|Y|||0|
PP|190916000840|RF|||||||N|Y|||0|
PP|190916000841|RF|||||||N|Y|||0|
PP|190916000842|RF|||||||N|Y|||0|
PP|190916000843|RF|||||||N|Y|||0|
PP|190916000844|RF|||||||N|Y|||0|
PP|190916000845|RF|||||||N|Y|||0|
PP|190916000846|RF|||||||N|Y|||0|
PP|190916000847|RF|||||||N|Y|||0|
PP|190916000848|RF|||||||N|Y|||0|
PP|190916000849|RF|||||||N|Y|||0|
PP|190916000850|RF|||||||N|Y|||0|
PP|190916000851|RF|||||||N|Y|||0|
PP|190916000852|RF|||||||N|Y|||0|
PP|190916000853|RF|||||||N|Y|||0|
PP|190916000854|RF|||||||N|Y|||0|
PP|190916000855|RF|||||||N|Y|||0|
PP|190916000856|RF|||||||N|Y|||0|
PP|190916000857|RF|||||||N|Y|||0|
PP|190916000858|RF|||||||N|Y|||0|
PP|190916000859|RF|||||||N|Y|||0|
PP|190916000860|RF|||||||N|Y|||0|
PP|190916000861|RF|||||||N|Y|||0|
PP|190916000862|RF|||||||N|Y|||0|
PP|190916000863|RF|||||||N|Y|||0|
PP|190916000864|RF|||||||N|Y|||0|
PP|190916000865|RF|||||||N|Y|||0|
PP|190916000866|RF|||||||N|Y|||0|
PP|190916000867|RF|||||||N|Y|||0|
PP|190916000868|RF|||||||N|Y|||0|
PP|190916000869|RF|||||||N|Y|||0|
PP|190916000870|RF|||||||N|Y|||0|
PP|190916000871|RF|||||||N|Y|||0|
PP|190916000872|RF|||||||N|Y|||0|
PP|190916000873|RF|||||||N|Y|||0|
PP|190916000874|RF|||||||N|Y|||0|
PP|190916000875|RF|||||||N|Y|||0|
PP|190916000876|RF|||||||N|Y|||0|
PP|190916000877|RF|||||||N|Y|||0|
PP|190916000878|RF|||||||N|Y|||0|
PP|190916000879|RF|||||||N|Y|||0|
PP|190916000880|RF|||||||N|Y|||0|
PP|190916000881|RF|||||||N|Y|||0|
PP|190916000882|RF|||||||N|Y|||0|
PP|190916000883|RF|||||||N|Y|||0|
PP|190916000884|RF|||||||N|Y|||0|
PP|190916000885|RF|||||||N|Y|||0|
PP|190916000886|RF|||||||N|Y|||0|
PP|190916000887|RF|||||||N|Y|||0|
PP|190916000888|RF|||||||N|Y|||0|
PP|190916000889|RF|||||||N|Y|||0|
PP|190916000890|RF|||||||N|Y|||0|
PP|190916000891|RF|||||||N|Y|||0|
PP|190916000892|RF|||||||N|Y|||0|
PP|190916000893|RF|||||||N|Y|||0|
PP|190916000894|RF|||||||N|Y|||0|
PP|190916000895|RF|||||||N|Y|||0|
PP|190916000896|RF|||||||N|Y|||0|
PP|190916000897|RF|||||||N|Y|||0|
PP|190916000898|RF|||||||N|Y|||0|
PP|190916000899|RF|||||||N|Y|||0|
PP|190916000900|RF|||||||N|Y|||0|
PP|190916000901|RF|||||||N|Y|||0|
PP|190916000902|RF|||||||N|Y|||0|
PP|190916000903|RF|||||||N|Y|||0|
PP|190916000904|RF|||||||N|Y|||0|
PP|190916000905|RF|||||||N|Y|||0|
PP|190916000906|RF|||||||N|Y|||0|
PP|190916000907|RF|||||||N|Y|||0|
PP|190916000908|RF|||||||N|Y|||0|
PP|190916000909|RF|||||||N|Y|||0|
PP|190916000910|RF|||||||N|Y|||0|
PP|190916000911|RF|||||||N|Y|||0|
PP|190916000912|RF|||||||N|Y|||0|
PP|190916000913|RF|||||||N|Y|||0|
PP|190916000914|RF|||||||N|Y|||0|
PP|190916000915|RF|||||||N|Y|||0|
PP|190916000916|RF|||||||N|Y|||0|
PP|190916000917|RF|||||||N|Y|||0|
PP|190916000918|RF|||||||N|Y|||0|
PP|190916000919|RF|||||||N|Y|||0|
PP|190916000920|RF|||||||N|Y|||0|
PP|190916000921|RF|||||||N|Y|||0|
PP|190916000922|RF|||||||N|Y|||0|
PP|190916000923|RF|||||||N|Y|||0|
PP|190916000924|RF|||||||N|Y|||0|
PP|190916000925|RF|||||||N|Y|||0|
PP|190916000926|RF|||||||N|Y|||0|
PP|190916000927|RF|||||||N|Y|||0|
PP|190916000928|RF|||||||N|Y|||0|
PP|190916000929|RF|||||||N|Y|||0|
PP|190916000930|RF|||||||N|Y|||0|
PP|190916000931|RF|||||||N|Y|||0|
PP|190916000932|RF|||||||N|Y|||0|
PP|190916000933|RF|||||||N|Y|||0|
PP|190916000934|RF|||||||N|Y|||0|
PP|190916000935|RF|||||||N|Y|||0|
PP|190916000936|RF|||||||N|Y|||0|
PP|190916000937|RF|||||||N|Y|||0|
PP|190916000938|RF|||||||N|Y|||0|
PP|190916000939|RF|||||||N|Y|||0|
PP|190916000940|RF|||||||N|Y|||0|
PP|190916000941|RF|||||||N|Y|||0|
PP|190916000942|RF|||||||N|Y|||0|
PP|190916000943|RF|||||||N|Y|||0|
PP|190916000944|RF|||||||N|Y|||0|
PP|190916000945|RF|||||||N|Y|||0|
PP|190916000946|RF|||||||N|Y|||0|
PP|190916000947|RF|||||||N|Y|||0|
PP|190916000948|RF|||||||N|Y|||0|
PP|190916000949|RF|||||||N|Y|||0|
PP|190916000950|RF|||||||N|Y|||0|
PP|190916000951|RF|||||||N|Y|||0|
PP|190916000952|RF|||||||N|Y|||0|
PP|190916000953|RF|||||||N|Y|||0|
PP|190916000954|RF|||||||N|Y|||0|
PP|190916000955|RF|||||||N|Y|||0|
PP|190916000956|RF|||||||N|Y|||0|
PP|190916000957|RF|||||||N|Y|||0|
PP|190916000958|RF|||||||N|Y|||0|
PP|190916000959|RF|||||||N|Y|||0|
PP|190916000960|RF|||||||N|Y|||0|
PP|190916000961|RF|||||||N|Y|||0|
PP|190916000962|RF|||||||N|Y|||0|
PP|190916000963|RF|||||||N|Y|||0|
PP|190916000964|RF|||||||N|Y|||0|
PP|190916000965|RF|||||||N|Y|||0|
PP|190916000966|RF|||||||N|Y|||0|
PP|190916000967|RF|||||||N|Y|||0|
PP|190916000968|RF|||||||N|Y|||0|
PP|190916000969|RF|||||||N|Y|||0|
PP|190916000970|RF|||||||N|Y|||0|
PP|190916000971|RF|||||||N|Y|||0|
PP|190916000972|RF|||||||N|Y|||0|
PP|190916000973|RF|||||||N|Y|||0|
PP|190916000974|RF|||||||N|Y|||0|
PP|190916000975|RF|||||||N|Y|||0|
PP|190916000976|RF|||||||N|Y|||0|
PP|190916000977|RF|||||||N|Y|||0|
PP|190916000978|RF|||||||N|Y|||0|
PP|190916000979|RF|||||||N|Y|||0|
PP|190916000980|RF|||||||N|Y|||0|
PP|190916000981|RF|||||||N|Y|||0|
PP|190916000982|RF|||||||N|Y|||0|
PP|190916000983|RF|||||||N|Y|||0|
PP|190916000984|RF|||||||N|Y|||0|
PP|190916000985|RF|||||||N|Y|||0|
PP|190916000986|RF|||||||N|Y|||0|
PP|190916000987|RF|||||||N|Y|||0|
PP|190916000988|RF|||||||N|Y|||0|
PP|190916000989|RF|||||||N|Y|||0|
PP|190916000990|RF|||||||N|Y|||0|
PP|190916000991|RF|||||||N|Y|||0|
PP|190916000992|RF|||||||N|Y|||0|
PP|190916000993|RF|||||||N|Y|||0|
PP|190916000994|RF|||||||N|Y|||0|
PP|190916000995|RF|||||||N|Y|||0|
PP|190916000996|RF|||||||N|Y|||0|
PP|190916000997|RF|||||||N|Y|||0|
PP|190916000998|RF|||||||N|Y|||0|
PP|190916000999|RF|||||||N|Y|||0|
PP|190916001000|RF|||||||N|Y|||0|
PP|190916001001|RF|||||||N|Y|||0|
PP|190916001002|RF|||||||N|Y|||0|
PP|190916001003|RF|||||||N|Y|||0|
PP|190916001004|RF|||||||N|Y|||0|
PP|190916001005|RF|||||||N|Y|||0|
PP|190916001006|RF|||||||N|Y|||0|
PP|190916001007|RF|||||||N|Y|||0|
PP|190916001008|RF|||||||N|Y|||0|
PP|190916001009|RF|||||||N|Y|||0|
PP|190916001010|RF|||||||N|Y|||0|
PP|190916001011|RF|||||||N|Y|||0|
PP|190916001012|RF|||||||N|Y|||0|
PP|190916001013|RF|||||||N|Y|||0|
PP|190916001014|RF|||||||N|Y|||0|
PP|190916001015|RF|||||||N|Y|||0|
PP|190916001016|RF|||||||N|Y|||0|
PP|190916001017|RF|||||||N|Y|||0|
PP|190916001018|RF|||||||N|Y|||0|
PP|190916001019|RF|||||||N|Y|||0|
PP|190916001020|RF|||||||N|Y|||0|
PP|190916001021|RF|||||||N|Y|||0|
PP|190916001022|RF|||||||N|Y|||0|
PP|190916001023|RF|||||||N|Y|||0|
PP|190916001024|RF|||||||N|Y|||0|
PP|190916001025|RF|||||||N|Y|||0|
PP|190916001026|RF|||||||N|Y|||0|
PP|190916001027|RF|||||||N|Y|||0|
PP|190916001028|RF|||||||N|Y|||0|
PP|190916001029|RF|||||||N|Y|||0|
PP|190916001030|RF|||||||N|Y|||0|
PP|190916001031|RF|||||||N|Y|||0|
PP|190916001032|RF|||||||N|Y|||0|
PP|190916001033|RF|||||||N|Y|||0|
PP|190916001034|RF|||||||N|Y|||0|
PP|190916001035|RF|||||||N|Y|||0|
PP|190916001036|RF|||||||N|Y|||0|
PP|190916001037|RF|||||||N|Y|||0|
PP|190916001038|RF|||||||N|Y|||0|
PP|190916001039|RF|||||||N|Y|||0|
PP|190916001040|RF|||||||N|Y|||0|
PP|190916001041|RF|||||||N|Y|||0|
PP|190916001042|RF|||||||N|Y|||0|
PP|190916001043|RF|||||||N|Y|||0|
PP|190916001044|RF|||||||N|Y|||0|
PP|190916001045|RF|||||||N|Y|||0|
PP|190916001046|RF|||||||N|Y|||0|
PP|190916001047|RF|||||||N|Y|||0|
PP|190916001048|RF|||||||N|Y|||0|
PP|190916001049|RF|||||||N|Y|||0|
PP|190916001050|RF|||||||N|Y|||0|
PP|190916001051|RF|||||||N|Y|||0|
PP|190916001052|RF|||||||N|Y|||0|
PP|190916001053|RF|||||||N|Y|||0|
PP|190916001054|RF|||||||N|Y|||0|
PP|190916001055|RF|||||||N|Y|||0|
PP|190916001056|RF|||||||N|Y|||0|
PP|190916001057|RF|||||||N|Y|||0|
PP|190916001058|RF|||||||N|Y|||0|
PP|190916001059|RF|||||||N|Y|||0|
PP|190916001060|RF|||||||N|Y|||0|
PP|190916001061|RF|||||||N|Y|||0|
PP|190916001062|RF|||||||N|Y|||0|
PP|190916001063|RF|||||||N|Y|||0|
PP|190916001064|RF|||||||N|Y|||0|
PP|190916001065|RF|||||||N|Y|||0|
PP|190916001066|RF|||||||N|Y|||0|
PP|190916001067|RF|||||||N|Y|||0|
PP|190916001068|RF|||||||N|Y|||0|
PP|190916001069|RF|||||||N|Y|||0|
PP|190916001070|RF|||||||N|Y|||0|
PP|190916001071|RF|||||||N|Y|||0|
PP|190916001072|RF|||||||N|Y|||0|
PP|190916001073|RF|||||||N|Y|||0|
PP|190916001074|RF|||||||N|Y|||0|
PP|190916001075|RF|||||||N|Y|||0|
PP|190916001076|RF|||||||N|Y|||0|
PP|190916001077|RF|||||||N|Y|||0|
PP|190916001078|RF|||||||N|Y|||0|
PP|190916001079|RF|||||||N|Y|||0|
PP|190916001080|RF|||||||N|Y|||0|
PP|190916001081|RF|||||||N|Y|||0|
PP|190916001082|RF|||||||N|Y|||0|
PP|190916001083|RF|||||||N|Y|||0|
PP|190916001084|RF|||||||N|Y|||0|
PP|190916001085|RF|||||||N|Y|||0|
PP|190916001086|RF|||||||N|Y|||0|
PP|190916001087|RF|||||||N|Y|||0|
PP|190916001088|RF|||||||N|Y|||0|
PP|190916001089|RF|||||||N|Y|||0|
PP|190916001090|RF|||||||N|Y|||0|
PP|190916001091|RF|||||||N|Y|||0|
PP|190916001092|RF|||||||N|Y|||0|
PP|190916001093|RF|||||||N|Y|||0|
PP|190916001094|RF|||||||N|Y|||0|
PP|190916001095|RF|||||||N|Y|||0|
PP|190916001096|RF|||||||N|Y|||0|
PP|190916001097|RF|||||||N|Y|||0|
PP|190916001098|RF|||||||N|Y|||0|
PP|190916001099|RF|||||||N|Y|||0|
PP|190916001100|RF|||||||N|Y|||0|
PP|190916001101|RF|||||||N|Y|||0|
PP|190916001102|RF|||||||N|Y|||0|
PP|190916001103|RF|||||||N|Y|||0|
PP|190916001104|RF|||||||N|Y|||0|
PP|190916001105|RF|||||||N|Y|||0|
PP|190916001106|RF|||||||N|Y|||0|
PP|190916001107|RF|||||||N|Y|||0|
PP|190916001108|RF|||||||N|Y|||0|
PP|190916001109|RF|||||||N|Y|||0|
PP|190916001110|RF|||||||N|Y|||0|
PP|190916001111|RF|||||||N|Y|||0|
PP|190916001112|RF|||||||N|Y|||0|
PP|190916001113|RF|||||||N|Y|||0|
PP|190916001114|RF|||||||N|Y|||0|
PP|190916001115|RF|||||||N|Y|||0|
PP|190916001116|RF|||||||N|Y|||0|
PP|190916001117|RF|||||||N|Y|||0|
PP|190916001118|RF|||||||N|Y|||0|
PP|190916001119|RF|||||||N|Y|||0|
PP|190916001120|RF|||||||N|Y|||0|
PP|190916001121|RF|||||||N|Y|||0|
PP|190916001122|RF|||||||N|Y|||0|
PP|190916001123|RF|||||||N|Y|||0|
PP|190916001124|RF|||||||N|Y|||0|
PP|190916001125|RF|||||||N|Y|||0|
PP|190916001126|RF|||||||N|Y|||0|
PP|190916001127|RF|||||||N|Y|||0|
PP|190916001128|RF|||||||N|Y|||0|
PP|190916001129|RF|||||||N|Y|||0|
PP|190916001130|RF|||||||N|Y|||0|
PP|190916001131|RF|||||||N|Y|||0|
PP|190916001132|RF|||||||N|Y|||0|
PP|190916001133|RF|||||||N|Y|||0|
PP|190916001134|RF|||||||N|Y|||0|
PP|190916001135|RF|||||||N|Y|||0|
PP|190916001136|RF|||||||N|Y|||0|
PP|190916001137|RF|||||||N|Y|||0|
PP|190916001138|RF|||||||N|Y|||0|
PP|190916001139|RF|||||||N|Y|||0|
PP|190916001140|RF|||||||N|Y|||0|
PP|190916001141|RF|||||||N|Y|||0|
PP|190916001142|RF|||||||N|Y|||0|
PP|190916001143|RF|||||||N|Y|||0|
PP|190916001144|RF|||||||N|Y|||0|
PP|190916001145|RF|||||||N|Y|||0|
PP|190916001146|RF|||||||N|Y|||0|
PP|190916001147|RF|||||||N|Y|||0|
PP|190916001148|RF|||||||N|Y|||0|
PP|190916001149|RF|||||||N|Y|||0|
PP|190916001150|RF|||||||N|Y|||0|
PP|190916001151|RF|||||||N|Y|||0|
PP|190916001152|RF|||||||N|Y|||0|
PP|190916001153|RF|||||||N|Y|||0|
PP|190916001154|RF|||||||N|Y|||0|
PP|190916001155|RF|||||||N|Y|||0|
PP|190916001156|RF|||||||N|Y|||0|
PP|190916001157|RF|||||||N|Y|||0|
PP|190916001158|RF|||||||N|Y|||0|
PP|190916001159|RF|||||||N|Y|||0|
PP|190916001160|RF|||||||N|Y|||0|
PP|190916001161|RF|||||||N|Y|||0|
PP|190916001162|RF|||||||N|Y|||0|
PP|190916001163|RF|||||||N|Y|||0|
PP|190916001164|RF|||||||N|Y|||0|
PP|190916001165|RF|||||||N|Y|||0|
PP|190916001166|RF|||||||N|Y|||0|
PP|190916001167|RF|||||||N|Y|||0|
PP|190916001168|RF|||||||N|Y|||0|
PP|190916001169|RF|||||||N|Y|||0|
PP|190916001170|RF|||||||N|Y|||0|
PP|190916001171|RF|||||||N|Y|||0|
PP|190916001172|RF|||||||N|Y|||0|
PP|190916001173|RF|||||||N|Y|||0|
PP|190916001174|RF|||||||N|Y|||0|
PP|190916001175|RF|||||||N|Y|||0|
PP|190916001176|RF|||||||N|Y|||0|
PP|190916001177|RF|||||||N|Y|||0|
PP|190916001178|RF|||||||N|Y|||0|
PP|190916001179|RF|||||||N|Y|||0|
PP|190916001180|RF|||||||N|Y|||0|
PP|190916001181|RF|||||||N|Y|||0|
PP|190916001182|RF|||||||N|Y|||0|
PP|190916001183|RF|||||||N|Y|||0|
PP|190916001184|RF|||||||N|Y|||0|
PP|190916001185|RF|||||||N|Y|||0|
PP|190916001186|RF|||||||N|Y|||0|
PP|190916001187|RF|||||||N|Y|||0|
PP|190916001188|RF|||||||N|Y|||0|
PP|190916001189|RF|||||||N|Y|||0|
PP|190916001190|RF|||||||N|Y|||0|
PP|190916001191|RF|||||||N|Y|||0|
PP|190916001192|RF|||||||N|Y|||0|
PP|190916001193|RF|||||||N|Y|||0|
PP|190916001194|RF|||||||N|Y|||0|
PP|190916001195|RF|||||||N|Y|||0|
PP|190916001196|RF|||||||N|Y|||0|
PP|190916001197|RF|||||||N|Y|||0|
PP|190916001198|RF|||||||N|Y|||0|
PP|190916001199|RF|||||||N|Y|||0|
PP|190916001200|RF|||||||N|Y|||0|
PP|190916001201|RF|||||||N|Y|||0|
PP|190916001202|RF|||||||N|Y|||0|
PP|190916001203|RF|||||||N|Y|||0|
PP|190916001204|RF|||||||N|Y|||0|
PP|190916001205|RF|||||||N|Y|||0|
PP|190916001206|RF|||||||N|Y|||0|
PP|190916001207|RF|||||||N|Y|||0|
PP|190916001208|RF|||||||N|Y|||0|
PP|190916001209|RF|||||||N|Y|||0|
PP|190916001210|RF|||||||N|Y|||0|
PP|190916001211|RF|||||||N|Y|||0|
PP|190916001212|RF|||||||N|Y|||0|
PP|190916001213|RF|||||||N|Y|||0|
PP|190916001214|RF|||||||N|Y|||0|
PP|190916001215|RF|||||||N|Y|||0|
PP|190916001216|RF|||||||N|Y|||0|
PP|190916001217|RF|||||||N|Y|||0|
PP|190916001218|RF|||||||N|Y|||0|
PP|190916001219|RF|||||||N|Y|||0|
PP|190916001220|RF|||||||N|Y|||0|
PP|190916001221|RF|||||||N|Y|||0|
PP|190916001222|RF|||||||N|Y|||0|
PP|190916001223|RF|||||||N|Y|||0|
PP|190916001224|RF|||||||N|Y|||0|
PP|190916001225|RF|||||||N|Y|||0|
PP|190916001226|RF|||||||N|Y|||0|
PP|190916001227|RF|||||||N|Y|||0|
PP|190916001228|RF|||||||N|Y|||0|
PP|190916001229|RF|||||||N|Y|||0|
PP|190916001230|RF|||||||N|Y|||0|
PP|190916001231|RF|||||||N|Y|||0|
PP|190916001232|RF|||||||N|Y|||0|
PP|190916001233|RF|||||||N|Y|||0|
PP|190916001234|RF|||||||N|Y|||0|
PP|190916001235|RF|||||||N|Y|||0|
PP|190916001236|RF|||||||N|Y|||0|
PP|190916001237|RF|||||||N|Y|||0|
PP|190916001238|RF|||||||N|Y|||0|
PP|190916001239|RF|||||||N|Y|||0|
PP|190916001240|RF|||||||N|Y|||0|
PP|190916001241|RF|||||||N|Y|||0|
PP|190916001242|RF|||||||N|Y|||0|
PP|190916001243|RF|||||||N|Y|||0|
PP|190916001244|RF|||||||N|Y|||0|
PP|190916001245|RF|||||||N|Y|||0|
PP|190916001246|RF|||||||N|Y|||0|
PP|190916001247|RF|||||||N|Y|||0|
PP|190916001248|RF|||||||N|Y|||0|
PP|190916001249|RF|||||||N|Y|||0|
PP|190916001250|RF|||||||N|Y|||0|
PP|190916001251|RF|||||||N|Y|||0|
PP|190916001252|RF|||||||N|Y|||0|
PP|190916001253|RF|||||||N|Y|||0|
PP|190916001254|RF|||||||N|Y|||0|
PP|190916001255|RF|||||||N|Y|||0|
PP|190916001256|RF|||||||N|Y|||0|
PP|190916001257|RF|||||||N|Y|||0|
PP|190916001258|RF|||||||N|Y|||0|
PP|190916001259|RF|||||||N|Y|||0|
PP|190916001260|RF|||||||N|Y|||0|
PP|190916001261|RF|||||||N|Y|||0|
PP|190916001262|RF|||||||N|Y|||0|
PP|190916001263|RF|||||||N|Y|||0|
PP|190916001264|RF|||||||N|Y|||0|
PP|190916001265|RF|||||||N|Y|||0|
PP|190916001266|RF|||||||N|Y|||0|
PP|190916001267|RF|||||||N|Y|||0|
PP|190916001268|RF|||||||N|Y|||0|
PP|190916001269|RF|||||||N|Y|||0|
PP|190916001270|RF|||||||N|Y|||0|
PP|190916001271|RF|||||||N|Y|||0|
PP|190916001272|RF|||||||N|Y|||0|
PP|190916001273|RF|||||||N|Y|||0|
PP|190916001274|RF|||||||N|Y|||0|
PP|190916001275|RF|||||||N|Y|||0|
PP|190916001276|RF|||||||N|Y|||0|
PP|190916001277|RF|||||||N|Y|||0|
PP|190916001278|RF|||||||N|Y|||0|
PP|190916001279|RF|||||||N|Y|||0|
PP|190916001280|RF|||||||N|Y|||0|
PP|190916001281|RF|||||||N|Y|||0|
PP|190916001282|RF|||||||N|Y|||0|
PP|190916001283|RF|||||||N|Y|||0|
PP|190916001284|RF|||||||N|Y|||0|
PP|190916001285|RF|||||||N|Y|||0|
PP|190916001286|RF|||||||N|Y|||0|
PP|190916001287|RF|||||||N|Y|||0|
PP|190916001288|RF|||||||N|Y|||0|
PP|190916001289|RF|||||||N|Y|||0|
PP|190916001290|RF|||||||N|Y|||0|
PP|190916001291|RF|||||||N|Y|||0|
PP|190916001292|RF|||||||N|Y|||0|
PP|190916001293|RF|||||||N|Y|||0|
PP|190916001294|RF|||||||N|Y|||0|
PP|190916001295|RF|||||||N|Y|||0|
PP|190916001296|RF|||||||N|Y|||0|
PP|190916001297|RF|||||||N|Y|||0|
PP|190916001298|RF|||||||N|Y|||0|
PP|190916001299|RF|||||||N|Y|||0|
PP|190916001300|RF|||||||N|Y|||0|
PP|190916001301|RF|||||||N|Y|||0|
PP|190916001302|RF|||||||N|Y|||0|
PP|190916001303|RF|||||||N|Y|||0|
PP|190916001304|RF|||||||N|Y|||0|
PP|190916001305|RF|||||||N|Y|||0|
PP|190916001306|RF|||||||N|Y|||0|
PP|190916001307|RF|||||||N|Y|||0|
PP|190916001308|RF|||||||N|Y|||0|
PP|190916001309|RF|||||||N|Y|||0|
PP|190916001310|RF|||||||N|Y|||0|
PP|190916001311|RF|||||||N|Y|||0|
PP|190916001312|RF|||||||N|Y|||0|
PP|190916001313|RF|||||||N|Y|||0|
PP|190916001314|RF|||||||N|Y|||0|
PP|190916001315|RF|||||||N|Y|||0|
PP|190916001316|RF|||||||N|Y|||0|
PP|190916001317|RF|||||||N|Y|||0|
PP|190916001318|RF|||||||N|Y|||0|
PP|190916001319|RF|||||||N|Y|||0|
PP|190916001320|RF|||||||N|Y|||0|
PP|190916001321|RF|||||||N|Y|||0|
PP|190916001322|RF|||||||N|Y|||0|
PP|190916001323|RF|||||||N|Y|||0|
PP|190916001324|RF|||||||N|Y|||0|
PP|190916001325|RF|||||||N|Y|||0|
PP|190916001326|RF|||||||N|Y|||0|
PP|190916001327|RF|||||||N|Y|||0|
PP|190916001328|RF|||||||N|Y|||0|
PP|190916001329|RF|||||||N|Y|||0|
PP|190916001330|RF|||||||N|Y|||0|
PP|190916001331|RF|||||||N|Y|||0|
PP|190916001332|RF|||||||N|Y|||0|
PP|190916001333|RF|||||||N|Y|||0|
PP|190916001334|RF|||||||N|Y|||0|
PP|190916001335|RF|||||||N|Y|||0|
PP|190916001336|RF|||||||N|Y|||0|
PP|190916001337|RF|||||||N|Y|||0|
PP|190916001338|RF|||||||N|Y|||0|
PP|190916001339|RF|||||||N|Y|||0|
PP|190916001340|RF|||||||N|Y|||0|
PP|190916001341|RF|||||||N|Y|||0|
PP|190916001342|RF|||||||N|Y|||0|
PP|190916001343|RF|||||||N|Y|||0|
PP|190916001344|RF|||||||N|Y|||0|
PP|190916001345|RF|||||||N|Y|||0|
PP|190916001346|RF|||||||N|Y|||0|
PP|190916001347|RF|||||||N|Y|||0|
PP|190916001348|RF|||||||N|Y|||0|
PP|190916001349|RF|||||||N|Y|||0|
PP|190916001350|RF|||||||N|Y|||0|
PP|190916001351|RF|||||||N|Y|||0|
PP|190916001352|RF|||||||N|Y|||0|
PP|190916001353|RF|||||||N|Y|||0|
PP|190916001354|RF|||||||N|Y|||0|
PP|190916001355|RF|||||||N|Y|||0|
PP|190916001356|RF|||||||N|Y|||0|
PP|190916001357|RF|||||||N|Y|||0|
PP|190916001358|RF|||||||N|Y|||0|
PP|190916001359|RF|||||||N|Y|||0|
PP|190916001360|RF|||||||N|Y|||0|
PP|190916001361|RF|||||||N|Y|||0|
PP|190916001362|RF|||||||N|Y|||0|
PP|190916001363|RF|||||||N|Y|||0|
PP|190916001364|RF|||||||N|Y|||0|
PP|190916001365|RF|||||||N|Y|||0|
PP|190916001366|RF|||||||N|Y|||0|
PP|190916001367|RF|||||||N|Y|||0|
PP|190916001368|RF|||||||N|Y|||0|
PP|190916001369|RF|||||||N|Y|||0|
PP|190916001370|RF|||||||N|Y|||0|
PP|190916001371|RF|||||||N|Y|||0|
PP|190916001372|RF|||||||N|Y|||0|
PP|190916001373|RF|||||||N|Y|||0|
PP|190916001374|RF|||||||N|Y|||0|
PP|190916001375|RF|||||||N|Y|||0|
PP|190916001376|RF|||||||N|Y|||0|
PP|190916001377|RF|||||||N|Y|||0|
PP|190916001378|RF|||||||N|Y|||0|
PP|190916001379|RF|||||||N|Y|||0|
PP|190916001380|RF|||||||N|Y|||0|
PP|190916001381|RF|||||||N|Y|||0|
PP|190916001382|RF|||||||N|Y|||0|
PP|190916001383|RF|||||||N|Y|||0|
PP|190916001384|RF|||||||N|Y|||0|
PP|190916001385|RF|||||||N|Y|||0|
PP|190916001386|RF|||||||N|Y|||0|
PP|190916001387|RF|||||||N|Y|||0|
PP|190916001388|RF|||||||N|Y|||0|
PP|190916001389|RF|||||||N|Y|||0|
PP|190916001390|RF|||||||N|Y|||0|
PP|190916001391|RF|||||||N|Y|||0|
PP|190916001392|RF|||||||N|Y|||0|
PP|190916001393|RF|||||||N|Y|||0|
PP|190916001394|RF|||||||N|Y|||0|
PP|190916001395|RF|||||||N|Y|||0|
PP|190916001396|RF|||||||N|Y|||0|
PP|190916001397|RF|||||||N|Y|||0|
PP|190916001398|RF|||||||N|Y|||0|
PP|190916001399|RF|||||||N|Y|||0|
PP|190916001400|RF|||||||N|Y|||0|
PP|190916001401|RF|||||||N|Y|||0|
PP|190916001402|RF|||||||N|Y|||0|
PP|190916001403|RF|||||||N|Y|||0|
PP|190916001404|RF|||||||N|Y|||0|
PP|190916001405|RF|||||||N|Y|||0|
PP|190916001406|RF|||||||N|Y|||0|
PP|190916001407|RF|||||||N|Y|||0|
PP|190916001408|RF|||||||N|Y|||0|
PP|190916001409|RF|||||||N|Y|||0|
PP|190916001410|RF|||||||N|Y|||0|
PP|190916001411|RF|||||||N|Y|||0|
PP|190916001412|RF|||||||N|Y|||0|
PP|190916001413|RF|||||||N|Y|||0|
PP|190916001414|RF|||||||N|Y|||0|
PP|190916001415|RF|||||||N|Y|||0|
PP|190916001416|RF|||||||N|Y|||0|
PP|190916001417|RF|||||||N|Y|||0|
PP|190916001418|RF|||||||N|Y|||0|
PP|190916001419|RF|||||||N|Y|||0|
PP|190916001420|RF|||||||N|Y|||0|
PP|190916001421|RF|||||||N|Y|||0|
PP|190916001422|RF|||||||N|Y|||0|
PP|190916001423|RF|||||||N|Y|||0|
PP|190916001424|RF|||||||N|Y|||0|
PP|190916001425|RF|||||||N|Y|||0|
PP|190916001426|RF|||||||N|Y|||0|
PP|190916001427|RF|||||||N|Y|||0|
PP|190916001428|RF|||||||N|Y|||0|
PP|190916001429|RF|||||||N|Y|||0|
PP|190916001430|RF|||||||N|Y|||0|
PP|190916001431|RF|||||||N|Y|||0|
PP|190916001432|RF|||||||N|Y|||0|
PP|190916001433|RF|||||||N|Y|||0|
PP|190916001434|RF|||||||N|Y|||0|
PP|190916001435|RF|||||||N|Y|||0|
PP|190916001436|RF|||||||N|Y|||0|
PP|190916001437|RF|||||||N|Y|||0|
PP|190916001438|RF|||||||N|Y|||0|
PP|190916001439|RF|||||||N|Y|||0|
PP|190916001440|RF|||||||N|Y|||0|
PP|190916001441|RF|||||||N|Y|||0|
PP|190916001442|RF|||||||N|Y|||0|
PP|190916001443|RF|||||||N|Y|||0|
PP|190916001444|RF|||||||N|Y|||0|
PP|190916001445|RF|||||||N|Y|||0|
PP|190916001446|RF|||||||N|Y|||0|
PP|190916001447|RF|||||||N|Y|||0|
PP|190916001448|RF|||||||N|Y|||0|
PP|190916001449|RF|||||||N|Y|||0|
PP|190916001450|RF|||||||N|Y|||0|
PP|190916001451|RF|||||||N|Y|||0|
PP|190916001452|RF|||||||N|Y|||0|
PP|190916001453|RF|||||||N|Y|||0|
PP|190916001454|RF|||||||N|Y|||0|
PP|190916001455|RF|||||||N|Y|||0|
PP|190916001456|RF|||||||N|Y|||0|
PP|190916001457|RF|||||||N|Y|||0|
PP|190916001458|RF|||||||N|Y|||0|
PP|190916001459|RF|||||||N|Y|||0|
PP|190916001460|RF|||||||N|Y|||0|
PP|190916001461|RF|||||||N|Y|||0|
PP|190916001462|RF|||||||N|Y|||0|
PP|190916001463|RF|||||||N|Y|||0|
PP|190916001464|RF|||||||N|Y|||0|
PP|190916001465|RF|||||||N|Y|||0|
PP|190916001466|RF|||||||N|Y|||0|
PP|190916001467|RF|||||||N|Y|||0|
PP|190916001468|RF|||||||N|Y|||0|
PP|190916001469|RF|||||||N|Y|||0|
PP|190916001470|RF|||||||N|Y|||0|
PP|190916001471|RF|||||||N|Y|||0|
PP|190916001472|RF|||||||N|Y|||0|
PP|190916001473|RF|||||||N|Y|||0|
PP|190916001474|RF|||||||N|Y|||0|
PP|190916001475|RF|||||||N|Y|||0|
PP|190916001476|RF|||||||N|Y|||0|
PP|190916001477|RF|||||||N|Y|||0|
PP|190916001478|RF|||||||N|Y|||0|
PP|190916001479|RF|||||||N|Y|||0|
PP|190916001480|RF|||||||N|Y|||0|
PP|190916001481|RF|||||||N|Y|||0|
PP|190916001482|RF|||||||N|Y|||0|
PP|190916001483|RF|||||||N|Y|||0|
PP|190916001484|RF|||||||N|Y|||0|
PP|190916001485|RF|||||||N|Y|||0|
PP|190916001486|RF|||||||N|Y|||0|
PP|190916001487|RF|||||||N|Y|||0|
PP|190916001488|RF|||||||N|Y|||0|
PP|190916001489|RF|||||||N|Y|||0|
PP|190916001490|RF|||||||N|Y|||0|
PP|190916001491|RF|||||||N|Y|||0|
PP|190916001492|RF|||||||N|Y|||0|
PP|190916001493|RF|||||||N|Y|||0|
PP|190916001494|RF|||||||N|Y|||0|
PP|190916001495|RF|||||||N|Y|||0|
PP|190916001496|RF|||||||N|Y|||0|
PP|190916001497|RF|||||||N|Y|||0|
PP|190916001498|RF|||||||N|Y|||0|
PP|190916001499|RF|||||||N|Y|||0|
PP|190916001500|RF|||||||N|Y|||0|
PP|190916001501|RF|||||||N|Y|||0|
PP|190916001502|RF|||||||N|Y|||0|
PP|190916001503|RF|||||||N|Y|||0|
PP|190916001504|RF|||||||N|Y|||0|
PP|190916001505|RF|||||||N|Y|||0|
PP|190916001506|RF|||||||N|Y|||0|
PP|190916001507|RF|||||||N|Y|||0|
PP|190916001508|RF|||||||N|Y|||0|
PP|190916001509|RF|||||||N|Y|||0|
PP|190916001510|RF|||||||N|Y|||0|
PP|190916001511|RF|||||||N|Y|||0|
PP|190916001512|RF|||||||N|Y|||0|
PP|190916001513|RF|||||||N|Y|||0|
PP|190916001514|RF|||||||N|Y|||0|
PP|190916001515|RF|||||||N|Y|||0|
PP|190916001516|RF|||||||N|Y|||0|
PP|190916001517|RF|||||||N|Y|||0|
PP|190916001518|RF|||||||N|Y|||0|
PP|190916001519|RF|||||||N|Y|||0|
PP|190916001520|RF|||||||N|Y|||0|
PP|190916001521|RF|||||||N|Y|||0|
PP|190916001522|RF|||||||N|Y|||0|
PP|190916001523|RF|||||||N|Y|||0|
PP|190916001524|RF|||||||N|Y|||0|
PP|190916001525|RF|||||||N|Y|||0|
PP|190916001526|RF|||||||N|Y|||0|
PP|190916001527|RF|||||||N|Y|||0|
PP|190916001528|RF|||||||N|Y|||0|
PP|190916001529|RF|||||||N|Y|||0|
PP|190916001530|RF|||||||N|Y|||0|
PP|190916001531|RF|||||||N|Y|||0|
PP|190916001532|RF|||||||N|Y|||0|
PP|190916001533|RF|||||||N|Y|||0|
PP|190916001534|RF|||||||N|Y|||0|
PP|190916001535|RF|||||||N|Y|||0|
PP|190916001536|RF|||||||N|Y|||0|
PP|190916001537|RF|||||||N|Y|||0|
PP|190916001538|RF|||||||N|Y|||0|
PP|190916001539|RF|||||||N|Y|||0|
PP|190916001540|RF|||||||N|Y|||0|
PP|190916001541|RF|||||||N|Y|||0|
PP|190916001542|RF|||||||N|Y|||0|
PP|190916001543|RF|||||||N|Y|||0|
PP|190916001544|RF|||||||N|Y|||0|
PP|190916001545|RF|||||||N|Y|||0|
PP|190916001546|RF|||||||N|Y|||0|
PP|190916001547|RF|||||||N|Y|||0|
PP|190916001548|RF|||||||N|Y|||0|
PP|190916001549|RF|||||||N|Y|||0|
PP|190916001550|RF|||||||N|Y|||0|
PP|190916001551|RF|||||||N|Y|||0|
PP|190916001552|RF|||||||N|Y|||0|
PP|190916001553|RF|||||||N|Y|||0|
PP|190916001554|RF|||||||N|Y|||0|
PP|190916001555|RF|||||||N|Y|||0|
PP|190916001556|RF|||||||N|Y|||0|
PP|190916001557|RF|||||||N|Y|||0|
PP|190916001558|RF|||||||N|Y|||0|
PP|190916001559|RF|||||||N|Y|||0|
PP|190916001560|RF|||||||N|Y|||0|
PP|190916001561|RF|||||||N|Y|||0|
PP|190916001562|RF|||||||N|Y|||0|
PP|190916001563|RF|||||||N|Y|||0|
PP|190916001564|RF|||||||N|Y|||0|
PP|190916001565|RF|||||||N|Y|||0|
PP|190916001566|RF|||||||N|Y|||0|
PP|190916001567|RF|||||||N|Y|||0|
PP|190916001568|RF|||||||N|Y|||0|
PP|190916001569|RF|||||||N|Y|||0|
PP|190916001570|RF|||||||N|Y|||0|
PP|190916001571|RF|||||||N|Y|||0|
PP|190916001572|RF|||||||N|Y|||0|
PP|190916001573|RF|||||||N|Y|||0|
PP|190916001574|RF|||||||N|Y|||0|
PP|190916001575|RF|||||||N|Y|||0|
PP|190916001576|RF|||||||N|Y|||0|
PP|190916001577|RF|||||||N|Y|||0|
PP|190916001578|RF|||||||N|Y|||0|
PP|190916001579|RF|||||||N|Y|||0|
PP|190916001580|RF|||||||N|Y|||0|
PP|190916001581|RF|||||||N|Y|||0|
PP|190916001582|RF|||||||N|Y|||0|
PP|190916001583|RF|||||||N|Y|||0|
PP|190916001584|RF|||||||N|Y|||0|
PP|190916001585|RF|||||||N|Y|||0|
PP|190916001586|RF|||||||N|Y|||0|
PP|190916001587|RF|||||||N|Y|||0|
PP|190916001588|RF|||||||N|Y|||0|
PP|190916001589|RF|||||||N|Y|||0|
PP|190916001590|RF|||||||N|Y|||0|
PP|190916001591|RF|||||||N|Y|||0|
PP|190916001592|RF|||||||N|Y|||0|
PP|190916001593|RF|||||||N|Y|||0|
PP|190916001594|RF|||||||N|Y|||0|
PP|190916001595|RF|||||||N|Y|||0|
PP|190916001596|RF|||||||N|Y|||0|
PP|190916001597|RF|||||||N|Y|||0|
PP|190916001598|RF|||||||N|Y|||0|
PP|190916001599|RF|||||||N|Y|||0|
PP|190916001600|RF|||||||N|Y|||0|
PP|190916001601|RF|||||||N|Y|||0|
PP|190916001602|RF|||||||N|Y|||0|
PP|190916001603|RF|||||||N|Y|||0|
PP|190916001604|RF|||||||N|Y|||0|
PP|190916001605|RF|||||||N|Y|||0|
PP|190916001606|RF|||||||N|Y|||0|
PP|190916001607|RF|||||||N|Y|||0|
PP|190916001608|RF|||||||N|Y|||0|
PP|190916001609|RF|||||||N|Y|||0|
PP|190916001610|RF|||||||N|Y|||0|
PP|190916001611|RF|||||||N|Y|||0|
PP|190916001612|RF|||||||N|Y|||0|
PP|190916001613|RF|||||||N|Y|||0|
PP|190916001614|RF|||||||N|Y|||0|
PP|190916001615|RF|||||||N|Y|||0|
PP|190916001616|RF|||||||N|Y|||0|
PP|190916001617|RF|||||||N|Y|||0|
PP|190916001618|RF|||||||N|Y|||0|
PP|190916001619|RF|||||||N|Y|||0|
PP|190916001620|RF|||||||N|Y|||0|
PP|190916001621|RF|||||||N|Y|||0|
PP|190916001622|RF|||||||N|Y|||0|
PP|190916001623|RF|||||||N|Y|||0|
PP|190916001624|RF|||||||N|Y|||0|
PP|190916001625|RF|||||||N|Y|||0|
PP|190916001626|RF|||||||N|Y|||0|
PP|190916001627|RF|||||||N|Y|||0|
PP|190916001628|RF|||||||N|Y|||0|
PP|190916001629|RF|||||||N|Y|||0|
PP|190916001630|RF|||||||N|Y|||0|
PP|190916001631|RF|||||||N|Y|||0|
PP|190916001632|RF|||||||N|Y|||0|
PP|190916001633|RF|||||||N|Y|||0|
PP|190916001634|RF|||||||N|Y|||0|
PP|190916001635|RF|||||||N|Y|||0|
PP|190916001636|RF|||||||N|Y|||0|
PP|190916001637|RF|||||||N|Y|||0|
PP|190916001638|RF|||||||N|Y|||0|
PP|190916001639|RF|||||||N|Y|||0|
PP|190916001640|RF|||||||N|Y|||0|
PP|190916001641|RF|||||||N|Y|||0|
PP|190916001642|RF|||||||N|Y|||0|
PP|190916001643|RF|||||||N|Y|||0|
PP|190916001644|RF|||||||N|Y|||0|
PP|190916001645|RF|||||||N|Y|||0|
PP|190916001646|RF|||||||N|Y|||0|
PP|190916001647|RF|||||||N|Y|||0|
PP|190916001648|RF|||||||N|Y|||0|
PP|190916001649|RF|||||||N|Y|||0|
PP|190916001650|RF|||||||N|Y|||0|
PP|190916001651|RF|||||||N|Y|||0|
PP|190916001652|RF|||||||N|Y|||0|
PP|190916001653|RF|||||||N|Y|||0|
PP|190916001654|RF|||||||N|Y|||0|
PP|190916001655|RF|||||||N|Y|||0|
PP|190916001656|RF|||||||N|Y|||0|
PP|190916001657|RF|||||||N|Y|||0|
PP|190916001658|RF|||||||N|Y|||0|
PP|190916001659|RF|||||||N|Y|||0|
PP|190916001660|RF|||||||N|Y|||0|
PP|190916001661|RF|||||||N|Y|||0|
PP|190916001662|RF|||||||N|Y|||0|
PP|190916001663|RF|||||||N|Y|||0|
PP|190916001664|RF|||||||N|Y|||0|
PP|190916001665|RF|||||||N|Y|||0|
PP|190916001666|RF|||||||N|Y|||0|
PP|190916001667|RF|||||||N|Y|||0|
PP|190916001668|RF|||||||N|Y|||0|
PP|190916001669|RF|||||||N|Y|||0|
PP|190916001670|RF|||||||N|Y|||0|
PP|190916001671|RF|||||||N|Y|||0|
PP|190916001672|RF|||||||N|Y|||0|
PP|190916001673|RF|||||||N|Y|||0|
PP|190916001674|RF|||||||N|Y|||0|
PP|190916001675|RF|||||||N|Y|||0|
PP|190916001676|RF|||||||N|Y|||0|
PP|190916001677|RF|||||||N|Y|||0|
PP|190916001678|RF|||||||N|Y|||0|
PP|190916001679|RF|||||||N|Y|||0|
PP|190916001680|RF|||||||N|Y|||0|
PP|190916001681|RF|||||||N|Y|||0|
PP|190916001682|RF|||||||N|Y|||0|
PP|190916001683|RF|||||||N|Y|||0|
PP|190916001684|RF|||||||N|Y|||0|
PP|190916001685|RF|||||||N|Y|||0|
PP|190916001686|RF|||||||N|Y|||0|
PP|190916001687|RF|||||||N|Y|||0|
PP|190916001688|RF|||||||N|Y|||0|
PP|190916001689|RF|||||||N|Y|||0|
PP|190916001690|RF|||||||N|Y|||0|
PP|190916001691|RF|||||||N|Y|||0|
PP|190916001692|RF|||||||N|Y|||0|
PP|190916001693|RF|||||||N|Y|||0|
PP|190916001694|RF|||||||N|Y|||0|
PP|190916001695|RF|||||||N|Y|||0|
PP|190916001696|RF|||||||N|Y|||0|
PP|190916001697|RF|||||||N|Y|||0|
PP|190916001698|RF|||||||N|Y|||0|
PP|190916001699|RF|||||||N|Y|||0|
PP|190916001700|RF|||||||N|Y|||0|
PP|190916001701|RF|||||||N|Y|||0|
PP|190916001702|RF|||||||N|Y|||0|
PP|190916001703|RF|||||||N|Y|||0|
PP|190916001704|RF|||||||N|Y|||0|
PP|190916001705|RF|||||||N|Y|||0|
PP|190916001706|RF|||||||N|Y|||0|
PP|190916001707|RF|||||||N|Y|||0|
PP|190916001708|RF|||||||N|Y|||0|
PP|190916001709|RF|||||||N|Y|||0|
PP|190916001710|RF|||||||N|Y|||0|
PP|190916001711|RF|||||||N|Y|||0|
PP|190916001712|RF|||||||N|Y|||0|
PP|190916001713|RF|||||||N|Y|||0|
PP|190916001714|RF|||||||N|Y|||0|
PP|190916001715|RF|||||||N|Y|||0|
PP|190916001716|RF|||||||N|Y|||0|
PP|190916001717|RF|||||||N|Y|||0|
PP|190916001718|RF|||||||N|Y|||0|
PP|190916001719|RF|||||||N|Y|||0|
PP|190916001720|RF|||||||N|Y|||0|
PP|190916001721|RF|||||||N|Y|||0|
PP|190916001722|RF|||||||N|Y|||0|
PP|190916001723|RF|||||||N|Y|||0|
PP|190916001724|RF|||||||N|Y|||0|
PP|190916001725|RF|||||||N|Y|||0|
PP|190916001726|RF|||||||N|Y|||0|
PP|190916001727|RF|||||||N|Y|||0|
PP|190916001728|RF|||||||N|Y|||0|
PP|190916001729|RF|||||||N|Y|||0|
PP|190916001730|RF|||||||N|Y|||0|
PP|190916001731|RF|||||||N|Y|||0|
PP|190916001732|RF|||||||N|Y|||0|
PP|190916001733|RF|||||||N|Y|||0|
PP|190916001734|RF|||||||N|Y|||0|
PP|190916001735|RF|||||||N|Y|||0|
PP|190916001736|RF|||||||N|Y|||0|
PP|190916001737|RF|||||||N|Y|||0|
PP|190916001738|RF|||||||N|Y|||0|
PP|190916001739|RF|||||||N|Y|||0|
PP|190916001740|RF|||||||N|Y|||0|
PP|190916001741|RF|||||||N|Y|||0|
PP|190916001742|RF|||||||N|Y|||0|
PP|190916001743|RF|||||||N|Y|||0|
PP|190916001744|RF|||||||N|Y|||0|
PP|190916001745|RF|||||||N|Y|||0|
PP|190916001746|RF|||||||N|Y|||0|
PP|190916001747|RF|||||||N|Y|||0|
PP|190916001748|RF|||||||N|Y|||0|
PP|190916001749|RF|||||||N|Y|||0|
PP|190916001750|RF|||||||N|Y|||0|
PP|190916001751|RF|||||||N|Y|||0|
PP|190916001752|RF|||||||N|Y|||0|
PP|190916001753|RF|||||||N|Y|||0|
PP|190916001754|RF|||||||N|Y|||0|
PP|190916001755|RF|||||||N|Y|||0|
PP|190916001756|RF|||||||N|Y|||0|
PP|190916001757|RF|||||||N|Y|||0|
PP|190916001758|RF|||||||N|Y|||0|
PP|190916001759|RF|||||||N|Y|||0|
PP|190916001760|RF|||||||N|Y|||0|
PP|190916001761|RF|||||||N|Y|||0|
PP|190916001762|RF|||||||N|Y|||0|
PP|190916001763|RF|||||||N|Y|||0|
PP|190916001764|RF|||||||N|Y|||0|
PP|190916001765|RF|||||||N|Y|||0|
PP|190916001766|RF|||||||N|Y|||0|
PP|190916001767|RF|||||||N|Y|||0|
PP|190916001768|RF|||||||N|Y|||0|
PP|190916001769|RF|||||||N|Y|||0|
PP|190916001770|RF|||||||N|Y|||0|
PP|190916001771|RF|||||||N|Y|||0|
PP|190916001772|RF|||||||N|Y|||0|
PP|190916001773|RF|||||||N|Y|||0|
PP|190916001774|RF|||||||N|Y|||0|
PP|190916001775|RF|||||||N|Y|||0|
PP|190916001776|RF|||||||N|Y|||0|
PP|190916001777|RF|||||||N|Y|||0|
PP|190916001778|RF|||||||N|Y|||0|
PP|190916001779|RF|||||||N|Y|||0|
PP|190916001780|RF|||||||N|Y|||0|
PP|190916001781|RF|||||||N|Y|||0|
PP|190916001782|RF|||||||N|Y|||0|
PP|190916001783|RF|||||||N|Y|||0|
PP|190916001784|RF|||||||N|Y|||0|
PP|190916001785|RF|||||||N|Y|||0|
PP|190916001786|RF|||||||N|Y|||0|
PP|190916001787|RF|||||||N|Y|||0|
PP|190916001788|RF|||||||N|Y|||0|
PP|190916001789|RF|||||||N|Y|||0|
PP|190916001790|RF|||||||N|Y|||0|
PP|190916001791|RF|||||||N|Y|||0|
PP|190916001792|RF|||||||N|Y|||0|
PP|190916001793|RF|||||||N|Y|||0|
PP|190916001794|RF|||||||N|Y|||0|
PP|190916001795|RF|||||||N|Y|||0|
PP|190916001796|RF|||||||N|Y|||0|
PP|190916001797|RF|||||||N|Y|||0|
PP|190916001798|RF|||||||N|Y|||0|
PP|190916001799|RF|||||||N|Y|||0|
PP|190916001800|RF|||||||N|Y|||0|
PP|190916001801|RF|||||||N|Y|||0|
PP|190916001802|RF|||||||N|Y|||0|
PP|190916001803|RF|||||||N|Y|||0|
PP|190916001804|RF|||||||N|Y|||0|
PP|190916001805|RF|||||||N|Y|||0|
PP|190916001806|RF|||||||N|Y|||0|
PP|190916001807|RF|||||||N|Y|||0|
PP|190916001808|RF|||||||N|Y|||0|
PP|190916001809|RF|||||||N|Y|||0|
PP|190916001810|RF|||||||N|Y|||0|
PP|190916001811|RF|||||||N|Y|||0|
PP|190916001812|RF|||||||N|Y|||0|
PP|190916001813|RF|||||||N|Y|||0|
PP|190916001814|RF|||||||N|Y|||0|
PP|190916001815|RF|||||||N|Y|||0|
PP|190916001816|RF|||||||N|Y|||0|
PP|190916001817|RF|||||||N|Y|||0|
PP|190916001818|RF|||||||N|Y|||0|
PP|190916001819|RF|||||||N|Y|||0|
PP|190916001820|RF|||||||N|Y|||0|
PP|190916001821|RF|||||||N|Y|||0|
PP|190916001822|RF|||||||N|Y|||0|
PP|190916001823|RF|||||||N|Y|||0|
PP|190916001824|RF|||||||N|Y|||0|
PP|190916001825|RF|||||||N|Y|||0|
PP|190916001826|RF|||||||N|Y|||0|
PP|190916001827|RF|||||||N|Y|||0|
PP|190916001828|RF|||||||N|Y|||0|
PP|190916001829|RF|||||||N|Y|||0|
PP|190916001830|RF|||||||N|Y|||0|
PP|190916001831|RF|||||||N|Y|||0|
PP|190916001832|RF|||||||N|Y|||0|
PP|190916001833|RF|||||||N|Y|||0|
PP|190916001834|RF|||||||N|Y|||0|
PP|190916001835|RF|||||||N|Y|||0|
PP|190916001836|RF|||||||N|Y|||0|
PP|190916001837|RF|||||||N|Y|||0|
PP|190916001838|RF|||||||N|Y|||0|
PP|190916001839|RF|||||||N|Y|||0|
PP|190916001840|RF|||||||N|Y|||0|
PP|190916001841|RF|||||||N|Y|||0|
PP|190916001842|RF|||||||N|Y|||0|
PP|190916001843|RF|||||||N|Y|||0|
PP|190916001844|RF|||||||N|Y|||0|
PP|190916001845|RF|||||||N|Y|||0|
PP|190916001846|RF|||||||N|Y|||0|
PP|190916001847|RF|||||||N|Y|||0|
PP|190916001848|RF|||||||N|Y|||0|
PP|190916001849|RF|||||||N|Y|||0|
PP|190916001850|RF|||||||N|Y|||0|
PP|190916001851|RF|||||||N|Y|||0|
PP|190916001852|RF|||||||N|Y|||0|
PP|190916001853|RF|||||||N|Y|||0|
PP|190916001854|RF|||||||N|Y|||0|
PP|190916001855|RF|||||||N|Y|||0|
PP|190916001856|RF|||||||N|Y|||0|
PP|190916001857|RF|||||||N|Y|||0|
PP|190916001858|RF|||||||N|Y|||0|
PP|190916001859|RF|||||||N|Y|||0|
PP|190916001860|RF|||||||N|Y|||0|
PP|190916001861|RF|||||||N|Y|||0|
PP|190916001862|RF|||||||N|Y|||0|
PP|190916001863|RF|||||||N|Y|||0|
PP|190916001864|RF|||||||N|Y|||0|
PP|190916001865|RF|||||||N|Y|||0|
PP|190916001866|RF|||||||N|Y|||0|
PP|190916001867|RF|||||||N|Y|||0|
PP|190916001868|RF|||||||N|Y|||0|
PP|190916001869|RF|||||||N|Y|||0|
PP|190916001870|RF|||||||N|Y|||0|
PP|190916001871|RF|||||||N|Y|||0|
PP|190916001872|RF|||||||N|Y|||0|
PP|190916001873|RF|||||||N|Y|||0|
PP|190916001874|RF|||||||N|Y|||0|
PP|190916001875|RF|||||||N|Y|||0|
PP|190916001876|RF|||||||N|Y|||0|
PP|190916001877|RF|||||||N|Y|||0|
PP|190916001878|RF|||||||N|Y|||0|
PP|190916001879|RF|||||||N|Y|||0|
PP|190916001880|RF|||||||N|Y|||0|
PP|190916001881|RF|||||||N|Y|||0|
PP|190916001882|RF|||||||N|Y|||0|
PP|190916001883|RF|||||||N|Y|||0|
PP|190916001884|RF|||||||N|Y|||0|
PP|190916001885|RF|||||||N|Y|||0|
PP|190916001886|RF|||||||N|Y|||0|
PP|190916001887|RF|||||||N|Y|||0|
PP|190916001888|RF|||||||N|Y|||0|
PP|190916001889|RF|||||||N|Y|||0|
PP|190916001890|RF|||||||N|Y|||0|
PP|190916001891|RF|||||||N|Y|||0|
PP|190916001892|RF|||||||N|Y|||0|
PP|190916001893|RF|||||||N|Y|||0|
PP|190916001894|RF|||||||N|Y|||0|
PP|190916001895|RF|||||||N|Y|||0|
PP|190916001896|RF|||||||N|Y|||0|
PP|190916001897|RF|||||||N|Y|||0|
PP|190916001898|RF|||||||N|Y|||0|
PP|190916001899|RF|||||||N|Y|||0|
PP|190916001900|RF|||||||N|Y|||0|
PP|190916001901|RF|||||||N|Y|||0|
PP|190916001902|RF|||||||N|Y|||0|
PP|190916001903|RF|||||||N|Y|||0|
PP|190916001904|RF|||||||N|Y|||0|
PP|190916001905|RF|||||||N|Y|||0|
PP|190916001906|RF|||||||N|Y|||0|
PP|190916001907|RF|||||||N|Y|||0|
PP|190916001908|RF|||||||N|Y|||0|
PP|190916001909|RF|||||||N|Y|||0|
PP|190916001910|RF|||||||N|Y|||0|
PP|190916001911|RF|||||||N|Y|||0|
PP|190916001912|RF|||||||N|Y|||0|
PP|190916001913|RF|||||||N|Y|||0|
PP|190916001914|RF|||||||N|Y|||0|
PP|190916001915|RF|||||||N|Y|||0|
PP|190916001916|RF|||||||N|Y|||0|
PP|190916001917|RF|||||||N|Y|||0|
PP|190916001918|RF|||||||N|Y|||0|
PP|190916001919|RF|||||||N|Y|||0|
PP|190916001920|RF|||||||N|Y|||0|
PP|190916001921|RF|||||||N|Y|||0|
PP|190916001922|RF|||||||N|Y|||0|
PP|190916001923|RF|||||||N|Y|||0|
PP|190916001924|RF|||||||N|Y|||0|
PP|190916001925|RF|||||||N|Y|||0|
PP|190916001926|RF|||||||N|Y|||0|
PP|190916001927|RF|||||||N|Y|||0|
PP|190916001928|RF|||||||N|Y|||0|
PP|190916001929|RF|||||||N|Y|||0|
PP|190916001930|RF|||||||N|Y|||0|
PP|190916001931|RF|||||||N|Y|||0|
PP|190916001932|RF|||||||N|Y|||0|
PP|190916001933|RF|||||||N|Y|||0|
PP|190916001934|RF|||||||N|Y|||0|
PP|190916001935|RF|||||||N|Y|||0|
PP|190916001936|RF|||||||N|Y|||0|
PP|190916001937|RF|||||||N|Y|||0|
PP|190916001938|RF|||||||N|Y|||0|
PP|190916001939|RF|||||||N|Y|||0|
PP|190916001940|RF|||||||N|Y|||0|
PP|190916001941|RF|||||||N|Y|||0|
PP|190916001942|RF|||||||N|Y|||0|
PP|190916001943|RF|||||||N|Y|||0|
PP|190916001944|RF|||||||N|Y|||0|
PP|190916001945|RF|||||||N|Y|||0|
PP|190916001946|RF|||||||N|Y|||0|
PP|190916001947|RF|||||||N|Y|||0|
PP|190916001948|RF|||||||N|Y|||0|
PP|190916001949|RF|||||||N|Y|||0|
PP|190916001950|RF|||||||N|Y|||0|
PP|190916001951|RF|||||||N|Y|||0|
PP|190916001952|RF|||||||N|Y|||0|
PP|190916001953|RF|||||||N|Y|||0|
PP|190916001954|RF|||||||N|Y|||0|
PP|190916001955|RF|||||||N|Y|||0|
PP|190916001956|RF|||||||N|Y|||0|
PP|190916001957|RF|||||||N|Y|||0|
PP|190916001958|RF|||||||N|Y|||0|
PP|190916001959|RF|||||||N|Y|||0|
PP|190916001960|RF|||||||N|Y|||0|
PP|190916001961|RF|||||||N|Y|||0|
PP|190916001962|RF|||||||N|Y|||0|
PP|190916001963|RF|||||||N|Y|||0|
PP|190916001964|RF|||||||N|Y|||0|
PP|190916001965|RF|||||||N|Y|||0|
PP|190916001966|RF|||||||N|Y|||0|
PP|190916001967|RF|||||||N|Y|||0|
PP|190916001968|RF|||||||N|Y|||0|
PP|190916001969|RF|||||||N|Y|||0|
PP|190916001970|RF|||||||N|Y|||0|
PP|190916001971|RF|||||||N|Y|||0|
PP|190916001972|RF|||||||N|Y|||0|
PP|190916001973|RF|||||||N|Y|||0|
PP|190916001974|RF|||||||N|Y|||0|
PP|190916001975|RF|||||||N|Y|||0|
PP|190916001976|RF|||||||N|Y|||0|
PP|190916001977|RF|||||||N|Y|||0|
PP|190916001978|RF|||||||N|Y|||0|
PP|190916001979|RF|||||||N|Y|||0|
PP|190916001980|RF|||||||N|Y|||0|
PP|190916001981|RF|||||||N|Y|||0|
PP|190916001982|RF|||||||N|Y|||0|
PP|190916001983|RF|||||||N|Y|||0|
PP|190916001984|RF|||||||N|Y|||0|
PP|190916001985|RF|||||||N|Y|||0|
PP|190916001986|RF|||||||N|Y|||0|
PP|190916001987|RF|||||||N|Y|||0|
PP|190916001988|RF|||||||N|Y|||0|
PP|190916001989|RF|||||||N|Y|||0|
PP|190916001990|RF|||||||N|Y|||0|
PP|190916001991|RF|||||||N|Y|||0|
PP|190916001992|RF|||||||N|Y|||0|
PP|190916001993|RF|||||||N|Y|||0|
PP|190916001994|RF|||||||N|Y|||0|
PP|190916001995|RF|||||||N|Y|||0|
PP|190916001996|RF|||||||N|Y|||0|
PP|190916001997|RF|||||||N|Y|||0|
PP|190916001998|RF|||||||N|Y|||0|
PP|190916001999|RF|||||||N|Y|||0|
PP|190916002000|RF|||||||N|Y|||0|
PP|190916002001|RF|||||||N|Y|||0|
PP|190916002002|RF|||||||N|Y|||0|
PP|190916002003|RF|||||||N|Y|||0|
PP|190916002004|RF|||||||N|Y|||0|
PP|190916002005|RF|||||||N|Y|||0|
PP|190916002006|RF|||||||N|Y|||0|
PP|190916002007|RF|||||||N|Y|||0|
PP|190916002008|RF|||||||N|Y|||0|
PP|190916002009|RF|||||||N|Y|||0|
PP|190916002010|RF|||||||N|Y|||0|
PP|190916002011|RF|||||||N|Y|||0|
PP|190916002012|RF|||||||N|Y|||0|
PP|190916002013|RF|||||||N|Y|||0|
PP|190916002014|RF|||||||N|Y|||0|
PP|190916002015|RF|||||||N|Y|||0|
PP|190916002016|RF|||||||N|Y|||0|
PP|190916002017|RF|||||||N|Y|||0|
PP|190916002018|RF|||||||N|Y|||0|
PP|190916002019|RF|||||||N|Y|||0|
PP|190916002020|RF|||||||N|Y|||0|
PP|190916002021|RF|||||||N|Y|||0|
PP|190916002022|RF|||||||N|Y|||0|
PP|190916002023|RF|||||||N|Y|||0|
PP|190916002024|RF|||||||N|Y|||0|
PP|190916002025|RF|||||||N|Y|||0|
PP|190916002026|RF|||||||N|Y|||0|
PP|190916002027|RF|||||||N|Y|||0|
PP|190916002028|RF|||||||N|Y|||0|
PP|190916002029|RF|||||||N|Y|||0|
PP|190916002030|RF|||||||N|Y|||0|
PP|190916002031|RF|||||||N|Y|||0|
PP|190916002032|RF|||||||N|Y|||0|
PP|190916002033|RF|||||||N|Y|||0|
PP|190916002034|RF|||||||N|Y|||0|
PP|190916002035|RF|||||||N|Y|||0|
PP|190916002036|RF|||||||N|Y|||0|
PP|190916002037|RF|||||||N|Y|||0|
PP|190916002038|RF|||||||N|Y|||0|
PP|190916002039|RF|||||||N|Y|||0|
PP|190916002040|RF|||||||N|Y|||0|
PP|190916002041|RF|||||||N|Y|||0|
PP|190916002042|RF|||||||N|Y|||0|
PP|190916002043|RF|||||||N|Y|||0|
PP|190916002044|RF|||||||N|Y|||0|
PP|190916002045|RF|||||||N|Y|||0|
PP|190916002046|RF|||||||N|Y|||0|
PP|190916002047|RF|||||||N|Y|||0|
PP|190916002048|RF|||||||N|Y|||0|
PP|190916002049|RF|||||||N|Y|||0|
PP|190916002050|RF|||||||N|Y|||0|
PP|190916002051|RF|||||||N|Y|||0|
PP|190916002052|RF|||||||N|Y|||0|
PP|190916002053|RF|||||||N|Y|||0|
PP|190916002054|RF|||||||N|Y|||0|
PP|190916002055|RF|||||||N|Y|||0|
PP|190916002056|RF|||||||N|Y|||0|
PP|190916002057|RF|||||||N|Y|||0|
PP|190916002058|RF|||||||N|Y|||0|
PP|190916002059|RF|||||||N|Y|||0|
PP|190916002060|RF|||||||N|Y|||0|
PP|190916002061|RF|||||||N|Y|||0|
PP|190916002062|RF|||||||N|Y|||0|
PP|190916002063|RF|||||||N|Y|||0|
PP|190916002064|RF|||||||N|Y|||0|
PP|190916002065|RF|||||||N|Y|||0|
PP|190916002066|RF|||||||N|Y|||0|
PP|190916002067|RF|||||||N|Y|||0|
PP|190916002068|RF|||||||N|Y|||0|
PP|190916002069|RF|||||||N|Y|||0|
PP|190916002070|RF|||||||N|Y|||0|
PP|190916002071|RF|||||||N|Y|||0|
PP|190916002072|RF|||||||N|Y|||0|
PP|190916002073|RF|||||||N|Y|||0|
PP|190916002074|RF|||||||N|Y|||0|
PP|190916002075|RF|||||||N|Y|||0|
PP|190916002076|RF|||||||N|Y|||0|
PP|190916002077|RF|||||||N|Y|||0|
PP|190916002078|RF|||||||N|Y|||0|
PP|190916002079|RF|||||||N|Y|||0|
PP|190916002080|RF|||||||N|Y|||0|
PP|190916002081|RF|||||||N|Y|||0|
PP|190916002082|RF|||||||N|Y|||0|
PP|190916002083|RF|||||||N|Y|||0|
PP|190916002084|RF|||||||N|Y|||0|
PP|190916002085|RF|||||||N|Y|||0|
PP|190916002086|RF|||||||N|Y|||0|
PP|190916002087|RF|||||||N|Y|||0|
PP|190916002088|RF|||||||N|Y|||0|
PP|190916002089|RF|||||||N|Y|||0|
PP|190916002090|RF|||||||N|Y|||0|
PP|190916002091|RF|||||||N|Y|||0|
PP|190916002092|RF|||||||N|Y|||0|
PP|190916002093|RF|||||||N|Y|||0|
PP|190916002094|RF|||||||N|Y|||0|
PP|190916002095|RF|||||||N|Y|||0|
PP|190916002096|RF|||||||N|Y|||0|
PP|190916002097|RF|||||||N|Y|||0|
PP|190916002098|RF|||||||N|Y|||0|
PP|190916002099|RF|||||||N|Y|||0|
PP|190916002100|RF|||||||N|Y|||0|
PP|190916002101|RF|||||||N|Y|||0|
PP|190916002102|RF|||||||N|Y|||0|
PP|190916002103|RF|||||||N|Y|||0|
PP|190916002104|RF|||||||N|Y|||0|
PP|190916002105|RF|||||||N|Y|||0|
PP|190916002106|RF|||||||N|Y|||0|
PP|190916002107|RF|||||||N|Y|||0|
PP|190916002108|RF|||||||N|Y|||0|
PP|190916002109|RF|||||||N|Y|||0|
PP|190916002110|RF|||||||N|Y|||0|
PP|190916002111|RF|||||||N|Y|||0|
PP|190916002112|RF|||||||N|Y|||0|
PP|190916002113|RF|||||||N|Y|||0|
PP|190916002114|RF|||||||N|Y|||0|
PP|190916002115|RF|||||||N|Y|||0|
PP|190916002116|RF|||||||N|Y|||0|
PP|190916002117|RF|||||||N|Y|||0|
PP|190916002118|RF|||||||N|Y|||0|
PP|190916002119|RF|||||||N|Y|||0|
PP|190916002120|RF|||||||N|Y|||0|
PP|190916002121|RF|||||||N|Y|||0|
PP|190916002122|RF|||||||N|Y|||0|
PP|190916002123|RF|||||||N|Y|||0|
PP|190916002124|RF|||||||N|Y|||0|
PP|190916002125|RF|||||||N|Y|||0|
PP|190916002126|RF|||||||N|Y|||0|
PP|190916002127|RF|||||||N|Y|||0|
PP|190916002128|RF|||||||N|Y|||0|
PP|190916002129|RF|||||||N|Y|||0|
PP|190916002130|RF|||||||N|Y|||0|
PP|190916002131|RF|||||||N|Y|||0|
PP|190916002132|RF|||||||N|Y|||0|
PP|190916002133|RF|||||||N|Y|||0|
PP|190916002134|RF|||||||N|Y|||0|
PP|190916002135|RF|||||||N|Y|||0|
PP|190916002136|RF|||||||N|Y|||0|
PP|190916002137|RF|||||||N|Y|||0|
PP|190916002138|RF|||||||N|Y|||0|
PP|190916002139|RF|||||||N|Y|||0|
PP|190916002140|RF|||||||N|Y|||0|
PP|190916002141|RF|||||||N|Y|||0|
PP|190916002142|RF|||||||N|Y|||0|
PP|190916002143|RF|||||||N|Y|||0|
PP|190916002144|RF|||||||N|Y|||0|
PP|190916002145|RF|||||||N|Y|||0|
PP|190916002146|RF|||||||N|Y|||0|
PP|190916002147|RF|||||||N|Y|||0|
PP|190916002148|RF|||||||N|Y|||0|
PP|190916002149|RF|||||||N|Y|||0|
PP|190916002150|RF|||||||N|Y|||0|
PP|190916002151|RF|||||||N|Y|||0|
PP|190916002152|RF|||||||N|Y|||0|
PP|190916002153|RF|||||||N|Y|||0|
PP|190916002154|RF|||||||N|Y|||0|
PP|190916002155|RF|||||||N|Y|||0|
PP|190916002156|RF|||||||N|Y|||0|
PP|190916002157|RF|||||||N|Y|||0|
PP|190916002158|RF|||||||N|Y|||0|
PP|190916002159|RF|||||||N|Y|||0|
PP|190916002160|RF|||||||N|Y|||0|
PP|190916002161|RF|||||||N|Y|||0|
PP|190916002162|RF|||||||N|Y|||0|
PP|190916002163|RF|||||||N|Y|||0|
PP|190916002164|RF|||||||N|Y|||0|
PP|190916002165|RF|||||||N|Y|||0|
PP|190916002166|RF|||||||N|Y|||0|
PP|190916002167|RF|||||||N|Y|||0|
PP|190916002168|RF|||||||N|Y|||0|
PP|190916002169|RF|||||||N|Y|||0|
PP|190916002170|RF|||||||N|Y|||0|
PP|190916002171|RF|||||||N|Y|||0|
PP|190916002172|RF|||||||N|Y|||0|
PP|190916002173|RF|||||||N|Y|||0|
PP|190916002174|RF|||||||N|Y|||0|
PP|190916002175|RF|||||||N|Y|||0|
PP|190916002176|RF|||||||N|Y|||0|
PP|190916002177|RF|||||||N|Y|||0|
PP|190916002178|RF|||||||N|Y|||0|
PP|190916002179|RF|||||||N|Y|||0|
PP|190916002180|RF|||||||N|Y|||0|
PP|190916002181|RF|||||||N|Y|||0|
PP|190916002182|RF|||||||N|Y|||0|
PP|190916002183|RF|||||||N|Y|||0|
PP|190916002184|RF|||||||N|Y|||0|
PP|190916002185|RF|||||||N|Y|||0|
PP|190916002186|RF|||||||N|Y|||0|
PP|190916002187|RF|||||||N|Y|||0|
PP|190916002188|RF|||||||N|Y|||0|
PP|190916002189|RF|||||||N|Y|||0|
PP|190916002190|RF|||||||N|Y|||0|
PP|190916002191|RF|||||||N|Y|||0|
PP|190916002192|RF|||||||N|Y|||0|
PP|190916002193|RF|||||||N|Y|||0|
PP|190916002194|RF|||||||N|Y|||0|
PP|190916002195|RF|||||||N|Y|||0|
PP|190916002196|RF|||||||N|Y|||0|
PP|190916002197|RF|||||||N|Y|||0|
PP|190916002198|RF|||||||N|Y|||0|
PP|190916002199|RF|||||||N|Y|||0|
PP|190916002200|RF|||||||N|Y|||0|
PP|190916002201|RF|||||||N|Y|||0|
PP|190916002202|RF|||||||N|Y|||0|
PP|190916002203|RF|||||||N|Y|||0|
PP|190916002204|RF|||||||N|Y|||0|
PP|190916002205|RF|||||||N|Y|||0|
PP|190916002206|RF|||||||N|Y|||0|
PP|190916002207|RF|||||||N|Y|||0|
PP|190916002208|RF|||||||N|Y|||0|
PP|190916002209|RF|||||||N|Y|||0|
PP|190916002210|RF|||||||N|Y|||0|
PP|190916002211|RF|||||||N|Y|||0|
PP|190916002212|RF|||||||N|Y|||0|
PP|190916002213|RF|||||||N|Y|||0|
PP|190916002214|RF|||||||N|Y|||0|
PP|190916002215|RF|||||||N|Y|||0|
PP|190916002216|RF|||||||N|Y|||0|
PP|190916002217|RF|||||||N|Y|||0|
PP|190916002218|RF|||||||N|Y|||0|
PP|190916002219|RF|||||||N|Y|||0|
PP|190916002220|RF|||||||N|Y|||0|
PP|190916002221|RF|||||||N|Y|||0|
PP|190916002222|RF|||||||N|Y|||0|
PP|190916002223|RF|||||||N|Y|||0|
PP|190916002224|RF|||||||N|Y|||0|
PP|190916002225|RF|||||||N|Y|||0|
PP|190916002226|RF|||||||N|Y|||0|
PP|190916002227|RF|||||||N|Y|||0|
PP|190916002228|RF|||||||N|Y|||0|
PP|190916002229|RF|||||||N|Y|||0|
PP|190916002230|RF|||||||N|Y|||0|
PP|190916002231|RF|||||||N|Y|||0|
PP|190916002232|RF|||||||N|Y|||0|
PP|190916002233|RF|||||||N|Y|||0|
PP|190916002234|RF|||||||N|Y|||0|
PP|190916002235|RF|||||||N|Y|||0|
PP|190916002236|RF|||||||N|Y|||0|
PP|190916002237|RF|||||||N|Y|||0|
PP|190916002238|RF|||||||N|Y|||0|
PP|190916002239|RF|||||||N|Y|||0|
PP|190916002240|RF|||||||N|Y|||0|
PP|190916002241|RF|||||||N|Y|||0|
PP|190916002242|RF|||||||N|Y|||0|
PP|190916002243|RF|||||||N|Y|||0|
PP|190916002244|RF|||||||N|Y|||0|
PP|190916002245|RF|||||||N|Y|||0|
PP|190916002246|RF|||||||N|Y|||0|
PP|190916002247|RF|||||||N|Y|||0|
PP|190916002248|RF|||||||N|Y|||0|
PP|190916002249|RF|||||||N|Y|||0|
PP|190916002250|RF|||||||N|Y|||0|
PP|190916002251|RF|||||||N|Y|||0|
PP|190916002252|RF|||||||N|Y|||0|
PP|190916002253|RF|||||||N|Y|||0|
PP|190916002254|RF|||||||N|Y|||0|
PP|190916002255|RF|||||||N|Y|||0|
PP|190916002256|RF|||||||N|Y|||0|
PP|190916002257|RF|||||||N|Y|||0|
PP|190916002258|RF|||||||N|Y|||0|
PP|190916002259|RF|||||||N|Y|||0|
PP|190916002260|RF|||||||N|Y|||0|
PP|190916002261|RF|||||||N|Y|||0|
PP|190916002262|RF|||||||N|Y|||0|
PP|190916002263|RF|||||||N|Y|||0|
PP|190916002264|RF|||||||N|Y|||0|
PP|190916002265|RF|||||||N|Y|||0|
PP|190916002266|RF|||||||N|Y|||0|
PP|190916002267|RF|||||||N|Y|||0|
PP|190916002268|RF|||||||N|Y|||0|
PP|190916002269|RF|||||||N|Y|||0|
PP|190916002270|RF|||||||N|Y|||0|
PP|190916002271|RF|||||||N|Y|||0|
PP|190916002272|RF|||||||N|Y|||0|
PP|190916002273|RF|||||||N|Y|||0|
PP|190916002274|RF|||||||N|Y|||0|
PP|190916002275|RF|||||||N|Y|||0|
PP|190916002276|RF|||||||N|Y|||0|
PP|190916002277|RF|||||||N|Y|||0|
PP|190916002278|RF|||||||N|Y|||0|
PP|190916002279|RF|||||||N|Y|||0|
PP|190916002280|RF|||||||N|Y|||0|
PP|190916002281|RF|||||||N|Y|||0|
PP|190916002282|RF|||||||N|Y|||0|
PP|190916002283|RF|||||||N|Y|||0|
PP|190916002284|RF|||||||N|Y|||0|
PP|190916002285|RF|||||||N|Y|||0|
PP|190916002286|RF|||||||N|Y|||0|
PP|190916002287|RF|||||||N|Y|||0|
PP|190916002288|RF|||||||N|Y|||0|
PP|190916002289|RF|||||||N|Y|||0|
PP|190916002290|RF|||||||N|Y|||0|
PP|190916002291|RF|||||||N|Y|||0|
PP|190916002292|RF|||||||N|Y|||0|
PP|190916002293|RF|||||||N|Y|||0|
PP|190916002294|RF|||||||N|Y|||0|
PP|190916002295|RF|||||||N|Y|||0|
PP|190916002296|RF|||||||N|Y|||0|
PP|190916002297|RF|||||||N|Y|||0|
PP|190916002298|RF|||||||N|Y|||0|
PP|190916002299|RF|||||||N|Y|||0|
PP|190916002300|RF|||||||N|Y|||0|
